timestamp,motion_rate,avg_sound,avg_co2,crowdiness_index
2025-06-26T14:35:29.069968,0.545,45.9,668.4,0.425
2025-06-26T14:35:39.078499,0.476,42.8,669.9,0.377
2025-06-26T14:35:49.085563,0.452,42.4,669.5,0.364
2025-06-26T14:35:59.093153,0.39,41.2,675.1,0.334
2025-06-26T14:36:09.100697,0.373,40.3,676.4,0.321
2025-06-26T14:36:19.106775,0.377,40.6,682.7,0.328
2025-06-26T14:36:29.115757,0.366,40.3,679.5,0.32
2025-06-26T14:36:39.123160,0.383,40.8,679.1,0.33
2025-06-26T14:36:49.130521,0.385,40.8,680.2,0.331
2025-06-26T14:36:59.138864,0.386,40.7,679.8,0.331
2025-06-26T14:37:09.146250,0.387,40.8,679.3,0.331
2025-06-26T14:37:19.152523,0.388,40.8,678.3,0.332
2025-06-26T14:37:29.160399,0.389,40.8,677.0,0.332
2025-06-26T14:37:39.168371,0.39,40.7,676.3,0.331
2025-06-26T14:37:49.179127,0.384,40.5,676.8,0.327
2025-06-26T14:37:59.186112,0.398,40.8,679.8,0.336
2025-06-26T14:38:09.191494,0.392,40.8,673.9,0.332
2025-06-26T14:38:19.199399,0.387,40.6,671.8,0.327
2025-06-26T14:38:29.204870,0.382,40.5,672.3,0.325
2025-06-26T14:38:39.210766,0.373,40.2,672.2,0.32
2025-06-26T14:38:49.218231,0.37,40.2,671.2,0.318
2025-06-26T14:38:59.225357,0.371,40.2,671.3,0.318
2025-06-26T14:39:09.234139,0.364,40.1,668.6,0.313
2025-06-26T14:39:19.241145,0.373,40.3,671.9,0.32
2025-06-26T14:39:29.249266,0.375,40.3,671.7,0.32
2025-06-26T14:39:39.258021,0.375,40.3,671.4,0.321
2025-06-26T14:39:49.265707,0.376,40.3,670.8,0.321
2025-06-26T14:39:59.274360,0.374,40.3,669.6,0.319
2025-06-26T14:40:09.282251,0.378,40.4,671.0,0.322
2025-06-26T14:40:19.290190,0.373,40.2,669.5,0.319
2025-06-26T14:40:29.298112,0.377,40.3,672.3,0.321
2025-06-26T14:40:39.304350,0.383,40.5,673.6,0.326
2025-06-26T14:40:49.310627,0.373,40.2,670.4,0.319
2025-06-26T14:40:59.315581,0.38,40.4,670.6,0.323
2025-06-26T14:41:09.321451,0.387,40.6,671.2,0.327
2025-06-26T14:41:19.329683,0.387,40.5,671.2,0.327
2025-06-26T14:41:29.336265,0.393,40.7,674.6,0.332
2025-06-26T14:41:39.343401,0.383,40.4,673.6,0.325
2025-06-26T14:41:49.350266,0.373,40.2,670.0,0.319
2025-06-26T14:41:59.358672,0.377,40.3,670.9,0.321
2025-06-26T14:42:09.367790,0.367,40.1,667.8,0.314
2025-06-26T14:42:19.377094,0.363,40.0,668.3,0.313
2025-06-26T14:42:29.388348,0.367,40.0,667.7,0.314
2025-06-26T14:42:39.393352,0.363,39.9,665.8,0.311
2025-06-26T14:42:49.400854,0.37,40.2,665.8,0.315
2025-06-26T14:42:59.408446,0.363,40.0,663.4,0.311
2025-06-26T14:43:09.413750,0.367,40.1,666.3,0.314
2025-06-26T14:43:19.419654,0.377,40.5,670.1,0.322
2025-06-26T14:43:29.427164,0.38,40.5,671.7,0.324
2025-06-26T14:43:39.433633,0.387,40.7,673.6,0.329
2025-06-26T14:43:49.441636,0.39,40.8,672.2,0.33
2025-06-26T14:43:59.448893,0.397,41.0,677.0,0.336
2025-06-26T14:44:09.457028,0.403,41.1,680.1,0.34
2025-06-26T14:44:19.465643,0.39,40.8,676.5,0.332
2025-06-26T14:44:29.470839,0.39,40.8,676.4,0.332
2025-06-26T14:44:39.479385,0.397,41.0,679.4,0.337
2025-06-26T14:44:49.489299,0.397,41.1,681.2,0.338
2025-06-26T14:44:59.495233,0.397,41.1,680.8,0.338
2025-06-26T14:45:09.503166,0.393,41.0,678.3,0.335
2025-06-26T14:45:19.512787,0.403,41.3,680.7,0.342
2025-06-26T14:45:29.519406,0.393,41.0,676.5,0.335
2025-06-26T14:45:39.529560,0.397,41.1,678.9,0.337
2025-06-26T14:45:49.535307,0.41,41.4,683.1,0.346
2025-06-26T14:45:59.544951,0.41,41.5,682.0,0.346
2025-06-26T14:46:09.551710,0.413,41.5,683.2,0.348
2025-06-26T14:46:19.558681,0.42,41.7,684.3,0.353
2025-06-26T14:46:29.566793,0.42,41.8,681.2,0.352
2025-06-26T14:46:39.575653,0.42,41.8,679.8,0.351
2025-06-26T14:46:49.584100,0.423,41.8,681.3,0.354
2025-06-26T14:46:59.589408,0.417,41.7,678.9,0.35
2025-06-26T14:47:09.596513,0.427,42.0,681.7,0.356
2025-06-26T14:47:19.604383,0.43,42.0,682.2,0.358
2025-06-26T14:47:29.614251,0.427,42.0,682.6,0.357
2025-06-26T14:47:39.618954,0.423,42.1,684.0,0.356
2025-06-26T14:47:49.624593,0.42,42.0,683.9,0.355
2025-06-26T14:47:59.631765,0.42,42.0,685.4,0.355
2025-06-26T14:48:09.639281,0.423,42.0,686.7,0.357
2025-06-26T14:48:19.647381,0.413,41.8,684.1,0.351
2025-06-26T14:48:29.655816,0.41,41.7,680.8,0.348
2025-06-26T14:48:39.663713,0.41,41.7,678.5,0.346
2025-06-26T14:48:49.670015,0.413,41.7,682.4,0.349
2025-06-26T14:48:59.674094,0.41,41.7,677.3,0.346
2025-06-26T14:49:09.679913,0.41,41.8,676.4,0.346
2025-06-26T14:49:19.685476,0.407,41.7,673.8,0.343
2025-06-26T14:49:29.692879,0.413,41.9,675.7,0.348
2025-06-26T14:49:39.700699,0.4,41.6,671.2,0.339
2025-06-26T14:49:49.710162,0.393,41.4,669.2,0.334
2025-06-26T14:49:59.717652,0.393,41.4,670.9,0.335
2025-06-26T14:50:09.726305,0.403,41.7,675.4,0.342
2025-06-26T14:50:19.734859,0.4,41.6,675.8,0.341
2025-06-26T14:50:29.745459,0.403,41.7,676.9,0.343
2025-06-26T14:50:39.752212,0.39,41.4,672.7,0.334
2025-06-26T14:50:49.760400,0.38,41.1,670.1,0.328
2025-06-26T14:50:59.767479,0.383,41.2,671.2,0.329
2025-06-26T14:51:09.774886,0.377,41.1,667.4,0.325
2025-06-26T14:51:19.782353,0.373,40.9,663.9,0.321
2025-06-26T14:51:29.796694,0.373,40.9,665.7,0.321
2025-06-26T14:51:39.804368,0.38,41.0,667.3,0.325
2025-06-26T14:51:49.812395,0.383,41.1,667.2,0.327
2025-06-26T14:51:59.818860,0.387,41.1,670.8,0.33
2025-06-26T14:52:09.825742,0.383,41.0,669.5,0.328
2025-06-26T14:52:19.835232,0.387,41.1,670.2,0.33
2025-06-26T14:52:29.842481,0.387,41.2,670.7,0.331
2025-06-26T14:52:39.852522,0.397,41.3,673.4,0.336
2025-06-26T14:52:49.858594,0.397,41.3,673.7,0.336
2025-06-26T14:52:59.866562,0.4,41.3,672.9,0.337
2025-06-26T14:53:09.874137,0.397,41.2,672.1,0.335
2025-06-26T14:53:19.881260,0.397,41.1,672.2,0.335
2025-06-26T14:53:29.889208,0.397,41.1,673.6,0.335
2025-06-26T14:53:39.896383,0.4,41.3,677.0,0.339
2025-06-26T14:53:49.905519,0.39,41.0,674.1,0.332
2025-06-26T14:53:59.913095,0.383,40.8,674.2,0.328
2025-06-26T14:54:09.920922,0.39,40.9,673.9,0.332
2025-06-26T14:54:19.929483,0.403,41.1,677.8,0.34
2025-06-26T14:54:29.938317,0.393,40.8,673.9,0.332
2025-06-26T14:54:39.944908,0.397,40.8,674.6,0.334
2025-06-26T14:54:49.952654,0.4,40.9,675.2,0.336
2025-06-26T14:54:59.958781,0.407,41.0,675.9,0.339
2025-06-26T14:55:09.965826,0.397,40.8,674.4,0.333
2025-06-26T14:55:19.973514,0.4,40.9,675.4,0.336
2025-06-26T14:55:29.980906,0.397,40.8,674.2,0.333
2025-06-26T14:55:39.987675,0.41,41.1,677.3,0.342
2025-06-26T14:55:49.993974,0.417,41.3,680.3,0.347
2025-06-26T14:55:59.999364,0.417,41.3,682.7,0.348
2025-06-26T14:56:10.005728,0.42,41.3,686.2,0.351
2025-06-26T14:56:20.011833,0.417,41.3,689.0,0.35
2025-06-26T14:56:30.019518,0.42,41.4,690.5,0.353
2025-06-26T14:56:40.025921,0.423,41.5,691.7,0.355
2025-06-26T14:56:50.031853,0.427,41.6,693.2,0.358
2025-06-26T14:57:00.038901,0.43,41.7,691.0,0.359
2025-06-26T14:57:10.045962,0.43,41.7,691.5,0.359
2025-06-26T14:57:20.054723,0.427,41.6,690.9,0.357
2025-06-26T14:57:30.063499,0.43,41.6,693.2,0.36
2025-06-26T14:57:40.068606,0.433,41.7,694.2,0.362
2025-06-26T14:57:50.074478,0.433,41.8,694.1,0.362
2025-06-26T14:58:00.081412,0.43,41.8,694.1,0.361
2025-06-26T14:58:10.088839,0.427,41.7,691.9,0.358
2025-06-26T14:58:20.095208,0.427,41.8,690.8,0.358
2025-06-26T14:58:30.103090,0.427,41.8,688.8,0.358
2025-06-26T14:58:40.107946,0.427,41.8,688.0,0.357
2025-06-26T14:58:50.114126,0.43,41.9,689.2,0.36
2025-06-26T14:59:00.120398,0.44,42.1,691.1,0.366
2025-06-26T14:59:10.125875,0.433,41.9,693.0,0.363
2025-06-26T14:59:20.132658,0.423,41.8,690.3,0.357
2025-06-26T14:59:30.138822,0.427,41.9,692.7,0.36
2025-06-26T14:59:40.144284,0.43,41.9,695.3,0.362
2025-06-26T14:59:50.150094,0.427,41.9,693.9,0.361
2025-06-26T15:00:00.156583,0.42,41.9,691.8,0.357
2025-06-26T15:00:10.164149,0.427,41.9,691.5,0.359
2025-06-26T15:00:20.173285,0.427,41.8,691.3,0.358
2025-06-26T15:00:30.181571,0.427,41.8,689.1,0.357
2025-06-26T15:00:40.189801,0.423,41.6,689.7,0.355
2025-06-26T15:00:50.197803,0.417,41.4,684.6,0.35
2025-06-26T15:01:00.207530,0.42,41.5,684.0,0.351
2025-06-26T15:01:10.215796,0.417,41.4,682.9,0.349
2025-06-26T15:01:20.223640,0.417,41.4,680.5,0.348
2025-06-26T15:01:30.233139,0.42,41.4,678.9,0.349
2025-06-26T15:01:40.240292,0.41,41.2,675.5,0.342
2025-06-26T15:01:50.249776,0.417,41.3,677.7,0.346
2025-06-26T15:02:00.257711,0.42,41.3,680.7,0.349
2025-06-26T15:02:10.264843,0.427,41.5,683.5,0.354
2025-06-26T15:02:20.273745,0.42,41.4,680.4,0.349
2025-06-26T15:02:30.282627,0.413,41.1,678.3,0.344
2025-06-26T15:02:40.291973,0.41,41.1,676.5,0.342
2025-06-26T15:02:50.298897,0.41,41.1,675.0,0.341
2025-06-26T15:03:00.305763,0.403,40.9,672.1,0.336
2025-06-26T15:03:10.312940,0.417,41.2,674.9,0.344
2025-06-26T15:03:20.318932,0.42,41.2,676.1,0.346
2025-06-26T15:03:30.325003,0.413,41.0,673.4,0.341
2025-06-26T15:03:40.330071,0.403,40.8,670.7,0.335
2025-06-26T15:03:50.336292,0.413,41.0,674.9,0.342
2025-06-26T15:04:00.343888,0.407,40.9,673.9,0.338
2025-06-26T15:04:10.352699,0.407,40.9,672.9,0.337
2025-06-26T15:04:20.361241,0.41,41.0,676.1,0.341
2025-06-26T15:04:30.370611,0.413,41.1,677.4,0.343
2025-06-26T15:04:40.380653,0.41,41.1,674.4,0.341
2025-06-26T15:04:50.386901,0.423,41.4,678.6,0.35
2025-06-26T15:05:00.393954,0.427,41.5,678.3,0.352
2025-06-26T15:05:10.400073,0.43,41.7,680.5,0.355
2025-06-26T15:05:20.405441,0.437,41.8,683.2,0.359
2025-06-26T15:05:30.413272,0.433,41.8,683.0,0.358
2025-06-26T15:05:40.419358,0.417,41.4,676.7,0.347
2025-06-26T15:05:50.425747,0.433,41.9,685.2,0.359
2025-06-26T15:06:00.435093,0.427,41.7,684.2,0.355
2025-06-26T15:06:10.444588,0.423,41.6,680.3,0.352
2025-06-26T15:06:20.452056,0.417,41.4,679.9,0.348
2025-06-26T15:06:30.457968,0.407,41.3,678.8,0.342
2025-06-26T15:06:40.463075,0.407,41.2,678.9,0.342
2025-06-26T15:06:50.470117,0.403,41.1,679.0,0.34
2025-06-26T15:07:00.478357,0.397,41.0,675.3,0.335
2025-06-26T15:07:10.486277,0.397,40.9,675.2,0.334
2025-06-26T15:07:20.494862,0.403,41.1,677.2,0.339
2025-06-26T15:07:30.501052,0.413,41.4,678.1,0.345
2025-06-26T15:07:40.508407,0.417,41.4,679.7,0.348
2025-06-26T15:07:50.516552,0.413,41.3,681.2,0.346
2025-06-26T15:08:00.523948,0.417,41.3,682.8,0.348
2025-06-26T15:08:10.532883,0.407,41.1,681.8,0.343
2025-06-26T15:08:20.541894,0.407,41.1,680.1,0.342
2025-06-26T15:08:30.548002,0.423,41.5,686.2,0.354
2025-06-26T15:08:40.554667,0.427,41.7,685.8,0.356
2025-06-26T15:08:50.562338,0.43,41.8,685.0,0.357
2025-06-26T15:09:00.569545,0.437,42.0,687.6,0.362
2025-06-26T15:09:10.576106,0.443,42.1,688.8,0.366
2025-06-26T15:09:20.582747,0.447,42.2,686.5,0.367
2025-06-26T15:10:39.282025,0.909,64.5,1108.3,0.859
2025-06-26T15:10:49.287833,0.905,63.6,1114.5,0.854
2025-06-26T15:10:59.291739,0.935,63.4,1113.0,0.864
2025-06-26T15:11:09.295409,0.951,63.8,1114.5,0.874
2025-06-26T15:11:19.300022,0.941,64.4,1111.4,0.873
2025-06-26T15:11:29.304251,0.918,65.1,1109.7,0.868
2025-06-26T15:11:39.310252,0.93,65.0,1109.1,0.871
2025-06-26T15:11:49.314377,0.938,65.0,1107.8,0.874
2025-06-26T15:11:59.318057,0.945,65.1,1105.0,0.877
2025-06-26T15:12:09.322694,0.95,65.2,1106.1,0.88
2025-06-26T15:12:19.327409,0.919,65.2,1104.3,0.866
2025-06-26T15:12:29.332182,0.909,65.2,1105.4,0.863
2025-06-26T15:12:39.336517,0.916,65.1,1106.1,0.865
2025-06-26T15:12:49.340140,0.915,65.2,1106.4,0.865
2025-06-26T15:12:59.345511,0.914,65.2,1107.1,0.865
2025-06-26T15:13:09.351147,0.919,65.1,1106.6,0.867
2025-06-26T15:13:19.354888,0.918,65.1,1106.5,0.866
2025-06-26T15:13:29.359709,0.912,65.1,1105.8,0.864
2025-06-26T15:13:39.365222,0.916,65.2,1106.3,0.866
2025-06-26T15:13:49.371342,0.91,65.2,1106.2,0.864
2025-06-26T15:13:59.376697,0.915,65.2,1105.5,0.865
2025-06-26T15:14:09.381133,0.91,65.2,1105.2,0.863
2025-06-26T15:14:19.384559,0.909,65.2,1105.3,0.863
2025-06-26T15:14:29.390467,0.909,65.3,1105.1,0.863
2025-06-26T15:14:39.398213,0.912,65.2,1104.8,0.864
2025-06-26T15:14:49.402796,0.916,65.2,1104.8,0.865
2025-06-26T15:14:59.407351,0.919,65.2,1104.4,0.866
2025-06-26T15:15:09.412560,0.915,65.2,1103.9,0.864
2025-06-26T15:15:19.417457,0.911,65.2,1103.8,0.863
2025-06-26T15:15:29.421915,0.913,65.2,1103.6,0.864
2025-06-26T15:15:39.427333,0.91,65.2,1103.6,0.863
2025-06-26T15:15:49.430967,0.913,65.3,1102.5,0.864
2025-06-26T15:15:59.436140,0.91,65.4,1102.4,0.863
2025-06-26T15:16:09.442205,0.91,65.4,1102.1,0.863
2025-06-26T15:16:19.446802,0.913,65.3,1101.9,0.864
2025-06-26T15:16:29.451327,0.907,65.2,1101.6,0.861
2025-06-26T15:16:39.456798,0.903,65.3,1100.9,0.859
2025-06-26T15:16:49.461171,0.897,65.2,1100.8,0.856
2025-06-26T15:16:59.467146,0.897,65.1,1101.1,0.856
2025-06-26T15:17:09.473338,0.897,65.1,1100.5,0.855
2025-06-26T15:17:19.478270,0.903,65.0,1100.8,0.858
2025-06-26T15:17:29.481850,0.907,65.0,1100.2,0.858
2025-06-26T15:17:39.486081,0.9,65.0,1100.3,0.856
2025-06-26T15:17:49.492287,0.903,64.9,1099.9,0.856
2025-06-26T15:17:59.496950,0.903,64.9,1099.4,0.856
2025-06-26T15:18:09.501757,0.897,64.9,1099.4,0.854
2025-06-26T15:18:19.506381,0.9,64.9,1098.6,0.854
2025-06-26T15:18:29.511395,0.903,64.8,1098.8,0.855
2025-06-26T15:18:39.516064,0.897,64.8,1098.7,0.852
2025-06-26T15:18:49.520687,0.903,64.7,1098.9,0.855
2025-06-26T15:18:59.525301,0.897,64.7,1099.0,0.852
2025-06-26T15:19:09.529972,0.893,64.6,1099.3,0.85
2025-06-26T15:19:19.534808,0.883,64.6,1098.5,0.846
2025-06-26T15:19:29.538558,0.883,64.6,1098.6,0.846
2025-06-26T15:19:39.541672,0.877,64.6,1098.8,0.844
2025-06-26T15:19:49.545097,0.873,64.6,1099.0,0.842
2025-06-26T15:19:59.550949,0.867,64.6,1099.6,0.84
2025-06-26T15:20:09.554024,0.873,64.6,1100.3,0.842
2025-06-26T15:20:19.559495,0.877,64.5,1099.7,0.843
2025-06-26T15:20:29.563677,0.87,64.5,1098.8,0.84
2025-06-26T15:20:39.569326,0.877,64.5,1098.8,0.842
2025-06-26T15:20:49.572355,0.877,64.5,1099.0,0.843
2025-06-26T15:20:59.577076,0.877,64.5,1098.9,0.843
2025-06-26T15:21:09.580553,0.873,64.5,1098.6,0.841
2025-06-26T15:21:19.585963,0.863,64.4,1098.8,0.837
2025-06-26T15:21:29.589156,0.873,64.4,1098.2,0.84
2025-06-26T15:21:39.593729,0.873,64.4,1098.6,0.841
2025-06-26T15:21:49.598620,0.88,64.6,1098.5,0.845
2025-06-26T15:21:59.605038,0.88,64.6,1098.5,0.845
2025-06-26T15:22:09.610094,0.877,64.6,1098.1,0.843
2025-06-26T15:22:19.615692,0.88,64.7,1098.5,0.845
2025-06-26T15:22:29.619279,0.883,64.8,1098.0,0.847
2025-06-26T15:22:39.623823,0.89,64.8,1097.1,0.849
2025-06-26T15:22:49.629238,0.89,64.8,1097.4,0.85
2025-06-26T15:22:59.633953,0.883,64.9,1097.5,0.847
2025-06-26T15:23:09.637323,0.887,64.9,1097.9,0.849
2025-06-26T15:23:19.641162,0.883,65.0,1098.4,0.848
2025-06-26T15:23:29.646423,0.887,65.0,1098.9,0.85
2025-06-26T15:23:39.651068,0.89,65.0,1097.6,0.851
2025-06-26T15:23:49.655228,0.887,65.1,1097.7,0.85
2025-06-26T15:23:59.659730,0.893,65.0,1098.3,0.853
2025-06-26T15:24:09.664933,0.903,65.1,1097.9,0.857
2025-06-26T15:24:19.669455,0.917,65.1,1098.2,0.863
2025-06-26T15:24:29.673024,0.917,65.1,1097.6,0.862
2025-06-26T15:24:39.676435,0.923,65.1,1098.0,0.865
2025-06-26T15:24:49.681596,0.923,65.2,1097.9,0.866
2025-06-26T15:24:59.686052,0.923,65.1,1097.9,0.865
2025-06-26T15:25:09.690225,0.92,65.2,1097.2,0.864
2025-06-26T15:25:19.694579,0.923,65.3,1097.9,0.866
2025-06-26T15:25:29.699193,0.927,65.4,1098.6,0.868
2025-06-26T15:25:39.703385,0.92,65.4,1098.2,0.866
2025-06-26T15:25:49.707543,0.913,65.3,1097.7,0.863
2025-06-26T15:25:59.711077,0.913,65.4,1097.6,0.863
2025-06-26T15:26:09.715341,0.917,65.4,1096.9,0.864
2025-06-26T15:26:19.721315,0.913,65.5,1096.4,0.863
2025-06-26T15:26:29.725260,0.917,65.6,1098.0,0.866
2025-06-26T15:26:39.729647,0.92,65.5,1097.7,0.866
2025-06-26T15:26:49.733635,0.91,65.4,1098.6,0.862
2025-06-26T15:26:59.740147,0.91,65.4,1098.2,0.862
2025-06-26T15:27:09.744571,0.907,65.4,1098.8,0.861
2025-06-26T15:27:19.748685,0.907,65.4,1098.8,0.861
2025-06-26T15:27:29.752353,0.903,65.4,1099.7,0.86
2025-06-26T15:27:39.756256,0.903,65.3,1100.1,0.859
2025-06-26T15:27:49.761141,0.903,65.3,1099.9,0.859
2025-06-26T15:27:59.766103,0.91,65.2,1100.2,0.862
2025-06-26T15:28:09.770992,0.91,65.3,1100.0,0.862
2025-06-26T15:28:19.775291,0.903,65.3,1100.9,0.859
2025-06-26T15:28:29.779990,0.9,65.3,1100.7,0.858
2025-06-26T15:28:39.784783,0.903,65.3,1102.0,0.86
2025-06-26T15:28:49.791568,0.903,65.4,1101.4,0.86
2025-06-26T15:28:59.798216,0.9,65.4,1101.5,0.859
2025-06-26T15:29:09.802670,0.89,65.4,1101.3,0.855
2025-06-26T15:29:19.808436,0.89,65.3,1101.4,0.854
2025-06-26T15:29:29.813250,0.89,65.3,1101.4,0.854
2025-06-26T15:29:39.818232,0.887,65.3,1101.2,0.853
2025-06-26T15:29:49.823051,0.887,65.2,1100.8,0.852
2025-06-26T15:29:59.828181,0.88,65.2,1100.8,0.85
2025-06-26T15:30:09.833212,0.883,65.3,1101.1,0.851
2025-06-26T15:30:19.837954,0.883,65.2,1100.8,0.851
2025-06-26T15:30:29.842908,0.88,65.1,1101.4,0.849
2025-06-26T15:30:39.848282,0.88,65.1,1101.4,0.849
2025-06-26T15:30:49.854153,0.887,65.1,1102.3,0.852
2025-06-26T15:30:59.858747,0.887,65.0,1102.1,0.852
2025-06-26T15:31:09.863077,0.883,65.1,1102.9,0.851
2025-06-26T15:31:19.867978,0.897,65.0,1103.2,0.856
2025-06-26T15:31:29.873222,0.897,64.9,1102.6,0.855
2025-06-26T15:31:39.877824,0.887,65.0,1102.5,0.851
2025-06-26T15:31:49.883097,0.897,65.1,1101.8,0.856
2025-06-26T15:31:59.888682,0.897,65.0,1103.1,0.856
2025-06-26T15:32:09.893641,0.903,65.0,1102.5,0.858
2025-06-26T15:32:19.898477,0.903,65.0,1101.9,0.858
2025-06-26T15:32:29.902902,0.9,65.1,1100.5,0.857
2025-06-26T15:32:39.907594,0.893,65.1,1100.5,0.854
2025-06-26T15:32:49.912768,0.893,65.2,1099.5,0.854
2025-06-26T15:32:59.916746,0.897,65.2,1099.0,0.855
2025-06-26T15:33:09.921453,0.9,65.1,1098.6,0.856
2025-06-26T15:33:19.925358,0.903,65.1,1097.8,0.857
2025-06-26T15:33:29.930274,0.9,65.2,1097.7,0.856
2025-06-26T15:33:39.942389,0.893,65.1,1097.4,0.853
2025-06-26T15:33:49.947463,0.89,65.1,1098.1,0.851
2025-06-26T15:33:59.951715,0.887,65.0,1097.6,0.85
2025-06-26T15:34:09.955790,0.893,65.1,1097.9,0.853
2025-06-26T15:34:19.961342,0.89,65.1,1097.9,0.852
2025-06-26T15:34:29.966642,0.887,65.1,1098.4,0.851
2025-06-26T15:34:39.972439,0.887,65.1,1098.2,0.85
2025-06-26T15:34:49.976746,0.887,65.1,1098.7,0.851
2025-06-26T15:34:59.981582,0.9,65.2,1098.1,0.857
2025-06-26T15:35:09.986045,0.9,65.2,1098.0,0.856
2025-06-26T15:35:19.990526,0.9,65.2,1098.0,0.856
2025-06-26T15:35:29.995244,0.9,65.2,1097.7,0.856
2025-06-26T15:35:40.000978,0.903,65.2,1097.4,0.857
2025-06-26T15:35:50.005856,0.903,65.1,1096.7,0.857
2025-06-26T15:36:00.010571,0.903,65.2,1097.3,0.858
2025-06-26T15:36:10.014175,0.903,65.1,1096.5,0.856
2025-06-26T15:36:20.019016,0.903,65.0,1097.0,0.856
2025-06-26T15:36:30.022027,0.903,65.1,1096.9,0.856
2025-06-26T15:36:40.026939,0.91,65.1,1097.8,0.859
2025-06-26T15:36:50.032123,0.91,65.0,1097.8,0.859
2025-06-26T15:37:00.038064,0.907,65.0,1096.4,0.857
2025-06-26T15:37:10.043775,0.903,65.0,1097.4,0.856
2025-06-26T15:37:20.049053,0.903,65.0,1097.8,0.856
2025-06-26T15:37:30.054707,0.91,64.9,1098.9,0.859
2025-06-26T15:37:40.059363,0.917,64.9,1098.8,0.862
2025-06-26T15:37:50.063913,0.913,64.9,1100.5,0.861
2025-06-26T15:38:00.069448,0.913,64.9,1099.8,0.86
2025-06-26T15:38:10.074310,0.91,64.9,1099.9,0.859
2025-06-26T15:38:20.079437,0.917,64.8,1099.9,0.861
2025-06-26T15:38:30.085498,0.917,64.7,1099.2,0.86
2025-06-26T15:38:40.091501,0.917,64.7,1099.0,0.86
2025-06-26T15:38:50.095931,0.923,64.8,1098.1,0.863
2025-06-26T15:39:00.101559,0.923,64.8,1098.0,0.863
2025-06-26T15:39:10.105519,0.917,64.8,1098.9,0.861
2025-06-26T15:39:20.110555,0.92,64.7,1099.0,0.862
2025-06-26T15:39:30.115001,0.923,64.7,1099.5,0.863
2025-06-26T15:39:40.120354,0.927,64.8,1098.6,0.864
2025-06-26T15:39:50.125230,0.93,64.8,1098.2,0.866
2025-06-26T15:40:00.131795,0.927,64.7,1098.7,0.864
2025-06-26T15:40:10.137104,0.923,64.7,1098.3,0.863
2025-06-26T15:40:20.140735,0.917,64.8,1099.2,0.861
2025-06-26T15:40:30.145398,0.92,64.8,1098.8,0.862
2025-06-26T15:40:40.150351,0.917,64.8,1099.1,0.861
2025-06-26T15:40:50.154978,0.913,64.8,1099.5,0.86
2025-06-26T15:41:00.159869,0.913,64.8,1099.5,0.859
2025-06-26T15:41:10.165414,0.913,64.8,1100.8,0.86
2025-06-26T15:41:20.169776,0.907,64.8,1100.4,0.857
2025-06-26T15:41:30.174153,0.903,64.9,1100.6,0.857
2025-06-26T15:41:40.181510,0.907,64.9,1100.7,0.858
2025-06-26T15:41:50.186331,0.9,64.9,1100.8,0.856
2025-06-26T15:42:00.192621,0.903,65.0,1101.5,0.858
2025-06-26T15:42:10.196574,0.903,65.0,1101.8,0.858
2025-06-26T15:42:20.201686,0.907,65.0,1101.5,0.859
2025-06-26T15:42:30.205647,0.9,65.0,1102.2,0.857
2025-06-26T15:51:18.240839,0.9,65.0,1101.9,0.857
2025-06-26T15:51:28.245130,0.893,65.0,1102.3,0.854
2025-06-26T15:51:38.249730,0.893,65.0,1102.6,0.854
2025-06-26T15:51:48.254107,0.893,65.1,1103.4,0.855
2025-06-26T15:51:58.259649,0.893,65.1,1103.4,0.855
2025-06-26T15:52:08.265826,0.893,65.1,1103.3,0.855
2025-06-26T15:52:18.271310,0.9,65.1,1103.8,0.858
2025-06-26T15:52:28.276610,0.9,65.1,1103.6,0.858
2025-06-26T15:52:38.280150,0.893,65.2,1104.0,0.856
2025-06-26T15:52:48.285176,0.897,65.2,1103.7,0.857
2025-06-26T15:52:58.289836,0.9,65.2,1103.3,0.859
2025-06-26T15:53:08.293602,0.903,65.2,1102.7,0.86
2025-06-26T15:53:18.297592,0.903,65.2,1103.8,0.86
2025-06-26T15:53:28.300943,0.9,65.2,1103.7,0.858
2025-06-26T15:53:38.306025,0.9,65.1,1102.9,0.858
2025-06-26T15:53:48.310201,0.897,65.2,1103.6,0.857
2025-06-26T15:53:58.313312,0.897,65.2,1103.1,0.857
2025-06-26T15:54:08.318810,0.903,65.1,1103.2,0.859
2025-06-26T15:54:18.323784,0.903,65.0,1103.1,0.858
2025-06-26T15:54:28.329189,0.907,65.0,1104.0,0.86
2025-06-26T15:54:38.332343,0.903,64.9,1103.1,0.858
2025-06-26T15:54:48.337090,0.903,64.9,1103.0,0.857
2025-06-26T15:54:58.341380,0.903,64.9,1102.9,0.857
2025-06-26T15:55:08.344880,0.9,64.9,1102.9,0.856
2025-06-26T15:55:18.349667,0.897,64.8,1103.6,0.855
2025-06-26T15:55:28.352862,0.897,64.8,1102.6,0.854
2025-06-26T15:55:38.359221,0.893,64.8,1102.8,0.853
2025-06-26T15:55:48.363395,0.89,64.8,1101.8,0.851
2025-06-26T15:55:58.366810,0.893,64.9,1101.1,0.853
2025-06-26T15:56:08.370929,0.893,64.8,1100.6,0.852
2025-06-26T15:56:18.375736,0.897,64.9,1100.4,0.854
2025-06-26T15:56:28.380636,0.9,64.9,1100.3,0.855
2025-06-26T15:56:38.383199,0.897,65.0,1099.8,0.854
2025-06-26T15:56:48.386993,0.9,64.9,1098.9,0.855
2025-06-26T15:56:58.391671,0.893,64.9,1098.8,0.852
2025-06-26T15:57:08.396232,0.897,64.8,1097.9,0.853
2025-06-26T15:57:18.399537,0.897,64.8,1097.5,0.852
2025-06-26T15:57:28.403396,0.89,64.7,1097.7,0.849
2025-06-26T15:57:38.407055,0.897,64.7,1097.8,0.852
2025-06-26T15:57:48.411706,0.893,64.6,1097.2,0.85
2025-06-26T15:57:58.416704,0.897,64.7,1096.8,0.851
2025-06-26T15:58:08.420894,0.893,64.7,1097.3,0.85
2025-06-26T15:58:18.424409,0.893,64.8,1097.0,0.85
2025-06-26T15:58:28.429926,0.897,64.7,1097.7,0.851
2025-06-26T15:58:38.433877,0.893,64.7,1098.1,0.851
2025-06-26T15:58:48.438723,0.897,64.6,1098.4,0.851
2025-06-26T15:58:58.443102,0.903,64.5,1098.7,0.854
2025-06-26T15:59:08.445784,0.897,64.6,1097.8,0.851
2025-06-26T15:59:18.450612,0.9,64.8,1098.1,0.854
2025-06-26T15:59:28.455256,0.897,64.8,1097.4,0.852
2025-06-26T15:59:38.460451,0.897,64.8,1097.6,0.852
2025-06-26T15:59:48.463548,0.897,64.9,1097.4,0.853
2025-06-26T15:59:58.468158,0.893,65.0,1097.1,0.852
2025-06-26T16:01:16.910553,0.0,32.8,419.9,0.026
2025-06-26T16:01:26.914250,0.0,33.0,420.1,0.027
2025-06-26T16:01:36.918728,0.032,32.8,418.6,0.039
2025-06-26T16:01:46.923356,0.049,32.7,419.8,0.045
2025-06-26T16:01:56.931923,0.039,32.7,420.2,0.042
2025-06-26T16:02:06.937084,0.049,32.6,419.9,0.045
2025-06-26T16:02:16.940989,0.056,32.7,419.9,0.048
2025-06-26T16:02:26.944289,0.086,32.6,420.1,0.06
2025-06-26T16:02:36.948662,0.088,32.6,420.2,0.06
2025-06-26T16:02:46.953094,0.119,32.5,420.4,0.072
2025-06-26T16:02:56.958292,0.117,32.5,420.1,0.071
2025-06-26T16:03:06.962754,0.124,32.5,419.6,0.073
2025-06-26T16:03:16.966508,0.13,32.5,419.5,0.076
2025-06-26T16:03:26.970545,0.135,32.5,419.1,0.077
2025-06-26T16:03:36.973742,0.139,32.4,418.8,0.079
2025-06-26T16:03:46.977764,0.13,32.4,418.7,0.075
2025-06-26T16:03:56.982112,0.129,32.4,418.8,0.074
2025-06-26T16:04:06.986323,0.122,32.3,419.0,0.071
2025-06-26T16:04:16.990526,0.12,32.3,418.9,0.071
2025-06-26T16:04:26.994308,0.114,32.4,418.9,0.069
2025-06-26T16:04:36.999438,0.114,32.3,419.1,0.068
2025-06-26T16:04:47.004912,0.113,32.3,419.1,0.068
2025-06-26T16:04:57.008411,0.113,32.3,419.0,0.068
2025-06-26T16:05:07.012367,0.112,32.3,419.0,0.067
2025-06-26T16:05:17.016560,0.116,32.3,418.9,0.068
2025-06-26T16:05:27.022502,0.111,32.3,418.8,0.067
2025-06-26T16:05:37.027000,0.114,32.3,418.9,0.068
2025-06-26T16:05:47.030068,0.114,32.3,419.0,0.068
2025-06-26T16:05:57.034190,0.113,32.3,419.0,0.068
2025-06-26T16:06:07.036835,0.113,32.3,419.1,0.068
2025-06-26T16:06:17.041358,0.12,32.3,419.0,0.07
2025-06-26T16:06:27.044714,0.14,32.2,419.3,0.078
2025-06-26T16:06:37.048741,0.137,32.2,419.5,0.077
2025-06-26T16:06:47.052636,0.133,32.3,419.3,0.076
2025-06-26T16:06:57.056524,0.14,32.3,419.2,0.078
2025-06-26T16:07:07.060671,0.137,32.2,419.4,0.077
2025-06-26T16:07:17.064516,0.14,32.2,419.4,0.078
2025-06-26T16:07:27.066856,0.13,32.2,419.3,0.074
2025-06-26T16:07:37.070136,0.127,32.2,419.3,0.072
2025-06-26T16:07:47.074536,0.12,32.2,419.2,0.07
2025-06-26T16:07:57.078193,0.12,32.2,419.4,0.07
2025-06-26T16:08:07.081249,0.113,32.2,419.4,0.067
2025-06-26T16:08:17.086114,0.11,32.2,419.3,0.066
2025-06-26T16:08:27.089648,0.103,32.2,419.4,0.063
2025-06-26T16:08:37.092981,0.1,32.2,419.6,0.062
2025-06-26T16:08:47.097174,0.1,32.2,419.7,0.062
2025-06-26T16:08:57.101292,0.097,32.3,419.8,0.061
2025-06-26T16:09:07.105612,0.097,32.3,419.7,0.061
2025-06-26T16:09:17.109597,0.097,32.3,419.7,0.061
2025-06-26T16:09:27.112890,0.1,32.2,419.8,0.062
2025-06-26T16:09:37.116099,0.097,32.3,419.7,0.061
2025-06-26T16:09:47.118935,0.093,32.3,419.7,0.06
2025-06-26T16:09:57.123071,0.09,32.3,419.8,0.059
2025-06-26T16:10:07.126691,0.09,32.3,419.8,0.059
2025-06-26T16:10:17.130597,0.083,32.3,419.8,0.056
2025-06-26T16:10:27.134424,0.083,32.3,420.1,0.056
2025-06-26T16:10:37.138227,0.077,32.2,420.0,0.053
2025-06-26T16:10:47.144610,0.073,32.2,420.2,0.052
2025-06-26T16:10:57.152613,0.07,32.2,420.3,0.05
2025-06-26T16:11:07.156323,0.067,32.2,420.3,0.049
2025-06-26T16:11:17.159432,0.06,32.2,420.1,0.046
2025-06-26T16:11:27.162614,0.04,32.2,419.8,0.038
2025-06-26T16:11:37.167054,0.05,32.2,419.7,0.042
2025-06-26T16:11:47.171642,0.05,32.2,419.7,0.042
2025-06-26T16:11:57.175189,0.05,32.2,419.7,0.042
2025-06-26T16:12:07.179980,0.05,32.2,419.6,0.042
2025-06-26T16:12:17.184137,0.043,32.2,419.4,0.039
2025-06-26T16:12:27.187757,0.043,32.2,419.4,0.039
2025-06-26T16:12:37.191014,0.05,32.2,419.7,0.042
2025-06-26T16:12:47.195291,0.05,32.1,419.6,0.042
2025-06-26T16:12:57.198994,0.05,32.2,419.4,0.042
2025-06-26T16:13:07.203122,0.057,32.1,419.6,0.044
2025-06-26T16:13:17.207549,0.057,32.1,419.8,0.044
2025-06-26T16:13:27.212522,0.057,32.2,419.8,0.045
2025-06-26T16:13:37.215935,0.06,32.1,419.9,0.046
2025-06-26T16:13:47.219425,0.063,32.1,420.1,0.047
2025-06-26T16:13:57.223528,0.067,32.1,419.9,0.048
2025-06-26T16:14:07.229296,0.07,32.1,419.8,0.049
2025-06-26T16:14:17.233098,0.07,32.1,419.9,0.049
2025-06-26T16:14:27.237258,0.067,32.1,420.0,0.048
2025-06-26T16:14:37.241568,0.07,32.1,420.1,0.05
2025-06-26T16:14:47.246340,0.073,32.1,420.0,0.051
2025-06-26T16:14:57.248545,0.087,32.1,420.0,0.056
2025-06-26T16:15:07.253341,0.087,32.1,420.1,0.056
2025-06-26T16:15:17.256908,0.097,32.1,420.2,0.06
2025-06-26T16:15:27.261685,0.097,32.1,420.2,0.06
2025-06-26T16:15:37.265092,0.1,32.1,420.1,0.061
2025-06-26T16:15:47.268865,0.103,32.1,419.9,0.063
2025-06-26T16:15:57.274504,0.107,32.1,419.7,0.064
2025-06-26T16:16:07.278727,0.107,32.1,419.8,0.064
2025-06-26T16:16:17.282353,0.107,32.1,419.9,0.064
2025-06-26T16:16:27.286227,0.11,32.0,419.8,0.065
2025-06-26T16:16:37.291597,0.103,32.0,419.9,0.062
2025-06-26T16:16:47.297734,0.103,32.0,419.9,0.062
2025-06-26T16:16:57.302401,0.1,32.0,420.1,0.061
2025-06-26T16:17:07.306716,0.11,32.0,420.2,0.065
2025-06-26T16:17:17.311180,0.11,32.0,420.5,0.065
2025-06-26T16:17:27.315458,0.117,32.0,420.7,0.068
2025-06-26T16:17:37.319499,0.11,32.1,420.5,0.066
2025-06-26T16:17:47.323686,0.11,32.1,420.5,0.066
2025-06-26T16:17:57.327964,0.107,32.1,420.8,0.064
2025-06-26T16:18:07.330784,0.1,32.1,420.8,0.062
2025-06-26T16:18:17.335280,0.097,32.1,420.7,0.06
2025-06-26T16:18:27.339061,0.103,32.1,420.6,0.063
2025-06-26T16:18:37.343868,0.103,32.1,420.5,0.063
2025-06-26T16:18:47.350486,0.103,32.1,420.2,0.063
2025-06-26T16:18:57.354525,0.103,32.2,420.2,0.063
2025-06-26T16:19:07.357941,0.103,32.2,420.4,0.064
2025-06-26T16:19:17.362381,0.1,32.2,420.5,0.062
2025-06-26T16:19:27.367591,0.1,32.1,420.2,0.062
2025-06-26T16:19:37.370446,0.097,32.1,420.2,0.06
2025-06-26T16:19:47.374760,0.1,32.1,420.5,0.062
2025-06-26T16:19:57.378757,0.093,32.1,420.3,0.059
2025-06-26T16:20:07.384069,0.093,32.1,420.3,0.059
2025-06-26T16:20:17.386691,0.087,32.1,420.3,0.056
2025-06-26T16:20:27.390817,0.087,32.1,420.4,0.056
2025-06-26T16:20:37.394963,0.087,32.1,420.4,0.056
2025-06-26T16:20:47.399247,0.087,32.1,420.4,0.056
2025-06-26T16:20:57.402957,0.09,32.2,420.6,0.058
2025-06-26T16:21:07.406182,0.093,32.2,420.7,0.06
2025-06-26T16:21:17.411459,0.093,32.2,420.6,0.06
2025-06-26T16:21:27.415284,0.09,32.3,420.7,0.059
2025-06-26T16:21:37.419439,0.09,32.3,420.7,0.059
2025-06-26T16:21:47.423991,0.093,32.3,420.8,0.06
2025-06-26T16:21:57.428777,0.093,32.3,420.6,0.06
2025-06-26T16:22:07.433648,0.083,32.3,420.3,0.056
2025-06-26T16:22:17.437693,0.087,32.3,420.3,0.057
2025-06-26T16:22:27.441811,0.08,32.3,420.0,0.055
2025-06-26T16:22:37.445437,0.087,32.2,419.9,0.057
2025-06-26T16:22:47.450030,0.083,32.2,419.8,0.056
2025-06-26T16:22:57.454160,0.087,32.2,419.5,0.057
2025-06-26T16:23:07.457458,0.093,32.2,419.3,0.059
2025-06-26T16:23:17.462056,0.107,32.3,419.4,0.065
2025-06-26T16:23:27.465948,0.103,32.3,419.5,0.064
2025-06-26T16:23:37.469044,0.097,32.3,419.6,0.061
2025-06-26T16:23:47.473090,0.097,32.3,419.8,0.062
2025-06-26T16:23:57.477791,0.103,32.3,420.0,0.064
2025-06-26T16:24:07.480938,0.113,32.2,419.8,0.068
2025-06-26T16:24:17.485038,0.113,32.3,419.8,0.068
2025-06-26T16:24:27.488307,0.12,32.3,420.0,0.071
2025-06-26T16:24:37.491039,0.127,32.3,420.1,0.074
2025-06-26T16:24:47.495058,0.123,32.3,420.0,0.072
2025-06-26T16:24:57.498331,0.123,32.3,419.9,0.072
2025-06-26T16:25:07.502396,0.127,32.3,419.9,0.073
2025-06-26T16:25:17.506443,0.127,32.3,419.8,0.073
2025-06-26T16:25:27.510869,0.133,32.3,419.9,0.076
2025-06-26T16:25:37.514585,0.133,32.3,419.9,0.076
2025-06-26T16:25:47.519269,0.13,32.3,419.8,0.075
2025-06-26T16:25:57.522860,0.123,32.2,419.8,0.072
2025-06-26T16:26:07.526612,0.12,32.2,419.7,0.07
2025-06-26T16:26:17.530973,0.123,32.2,420.0,0.072
2025-06-26T16:26:27.534349,0.123,32.2,420.0,0.072
2025-06-26T16:26:37.537687,0.12,32.2,419.9,0.07
2025-06-26T16:26:47.541046,0.117,32.2,419.8,0.069
2025-06-26T16:26:57.545301,0.117,32.2,420.0,0.069
2025-06-26T16:27:07.548317,0.12,32.2,420.1,0.07
2025-06-26T16:27:17.551953,0.12,32.2,420.0,0.07
2025-06-26T16:27:27.556613,0.12,32.2,420.0,0.07
2025-06-26T16:27:37.559658,0.113,32.2,420.0,0.067
2025-06-26T16:27:47.562720,0.11,32.2,420.2,0.066
2025-06-26T16:27:57.566643,0.11,32.2,420.5,0.067
2025-06-26T16:28:07.570401,0.107,32.2,420.8,0.065
2025-06-26T16:28:17.574683,0.093,32.2,420.7,0.06
2025-06-26T16:28:27.578084,0.093,32.2,420.7,0.06
2025-06-26T16:28:37.582702,0.097,32.2,420.5,0.061
2025-06-26T16:28:47.585296,0.097,32.1,420.3,0.06
2025-06-26T16:28:57.589421,0.09,32.1,420.0,0.057
2025-06-26T16:29:07.595481,0.08,32.1,420.1,0.053
2025-06-26T16:29:17.599543,0.083,32.0,420.0,0.054
2025-06-26T16:29:27.603068,0.077,32.1,419.9,0.052
2025-06-26T16:29:37.606148,0.073,32.1,419.8,0.051
2025-06-26T16:29:47.610935,0.077,32.0,420.1,0.052
2025-06-26T16:29:57.615962,0.073,32.1,420.2,0.051
2025-06-26T16:30:07.619737,0.073,32.1,420.2,0.051
2025-06-26T16:30:17.623469,0.073,32.1,420.2,0.051
2025-06-26T16:30:27.628418,0.073,32.1,420.1,0.051
2025-06-26T16:30:37.632703,0.07,32.1,420.1,0.05
2025-06-26T16:30:47.636153,0.077,32.1,420.2,0.052
2025-06-26T16:30:57.640082,0.083,32.1,420.1,0.055
2025-06-26T16:31:07.643747,0.087,32.1,420.1,0.056
2025-06-26T16:31:17.646209,0.087,32.2,420.1,0.057
2025-06-26T16:31:27.649922,0.097,32.1,419.9,0.06
2025-06-26T16:31:37.654078,0.1,32.1,419.9,0.062
2025-06-26T16:31:47.657673,0.107,32.1,420.1,0.064
2025-06-26T16:31:57.661990,0.107,32.1,420.0,0.064
2025-06-26T16:32:07.664957,0.11,32.1,420.0,0.066
2025-06-26T16:32:17.668604,0.11,32.2,420.1,0.066
2025-06-26T16:32:27.672876,0.11,32.1,420.1,0.066
2025-06-26T16:32:37.676754,0.113,32.1,420.4,0.067
2025-06-26T16:32:47.680606,0.123,32.1,420.3,0.071
2025-06-26T16:32:57.684694,0.12,32.1,420.3,0.07
2025-06-26T16:33:07.689677,0.117,32.1,420.4,0.068
2025-06-26T16:33:17.693784,0.12,32.2,420.6,0.07
2025-06-26T16:33:27.698188,0.123,32.2,420.3,0.071
2025-06-26T16:33:37.701518,0.12,32.2,420.6,0.07
2025-06-26T16:33:47.705467,0.12,32.2,420.8,0.071
2025-06-26T16:33:57.709258,0.12,32.2,420.9,0.07
2025-06-26T16:34:07.713689,0.12,32.2,420.9,0.07
2025-06-26T16:34:17.717949,0.12,32.2,421.1,0.071
2025-06-26T16:34:27.722426,0.13,32.2,421.0,0.075
2025-06-26T16:34:37.726105,0.14,32.2,420.8,0.079
2025-06-26T16:34:47.729534,0.133,32.3,420.6,0.076
2025-06-26T16:34:57.734001,0.13,32.2,420.2,0.075
2025-06-26T16:35:07.738684,0.127,32.3,420.3,0.073
2025-06-26T16:35:17.742308,0.123,32.2,420.3,0.072
2025-06-26T16:35:27.745696,0.123,32.2,420.1,0.072
2025-06-26T16:35:37.749545,0.127,32.2,419.9,0.073
2025-06-26T16:35:47.753647,0.12,32.2,420.0,0.07
2025-06-26T16:35:57.758464,0.117,32.2,419.9,0.069
2025-06-26T16:36:07.762864,0.113,32.2,420.0,0.068
2025-06-26T16:36:17.766941,0.113,32.2,419.9,0.067
2025-06-26T16:36:27.770971,0.103,32.2,420.0,0.063
2025-06-26T16:36:37.774854,0.103,32.1,420.1,0.063
2025-06-26T16:36:47.778341,0.097,32.2,420.2,0.061
2025-06-26T16:36:57.782700,0.093,32.2,420.2,0.059
2025-06-26T16:37:07.787357,0.093,32.2,420.0,0.059
2025-06-26T16:37:17.791698,0.093,32.2,420.1,0.059
2025-06-26T16:37:27.796875,0.093,32.2,420.2,0.059
2025-06-26T16:37:37.800618,0.09,32.2,420.1,0.058
2025-06-26T16:37:47.803814,0.08,32.2,419.9,0.054
2025-06-26T16:37:57.808299,0.08,32.2,419.8,0.054
2025-06-26T16:38:07.811890,0.083,32.1,419.6,0.055
2025-06-26T16:38:17.816905,0.083,32.1,419.6,0.055
2025-06-26T16:38:27.820260,0.083,32.1,419.9,0.055
2025-06-26T16:38:37.826772,0.083,32.1,419.9,0.055
2025-06-26T16:38:47.829907,0.083,32.1,419.9,0.055
2025-06-26T16:38:57.833111,0.087,32.2,419.9,0.057
2025-06-26T16:39:07.836639,0.087,32.2,420.0,0.057
2025-06-26T16:39:17.841519,0.093,32.1,419.9,0.059
2025-06-26T16:39:27.845160,0.083,32.1,420.1,0.055
2025-06-26T16:39:37.849585,0.073,32.1,420.2,0.051
2025-06-26T16:39:47.854154,0.077,32.1,420.2,0.052
2025-06-26T16:39:57.859361,0.077,32.1,420.7,0.052
2025-06-26T16:40:07.864819,0.073,32.1,420.6,0.051
2025-06-26T16:40:17.869581,0.073,32.1,420.6,0.051
2025-06-26T16:40:27.874570,0.067,32.1,420.7,0.048
2025-06-26T16:40:37.879506,0.063,32.1,420.9,0.047
2025-06-26T16:40:47.884658,0.073,32.1,420.9,0.051
2025-06-26T16:40:57.888902,0.07,32.1,421.0,0.05
2025-06-26T16:41:07.893099,0.07,32.1,421.0,0.05
2025-06-26T16:41:17.898135,0.07,32.1,420.8,0.05
2025-06-26T16:41:27.903251,0.07,32.1,420.9,0.05
2025-06-26T16:41:37.907912,0.07,32.1,421.0,0.05
2025-06-26T16:41:47.910787,0.073,32.1,420.8,0.051
2025-06-26T16:41:57.914173,0.077,32.1,420.9,0.052
2025-06-26T16:42:07.918248,0.073,32.1,421.0,0.051
2025-06-26T16:42:17.921773,0.077,32.1,420.9,0.053
2025-06-26T16:42:27.926251,0.083,32.1,420.9,0.055
2025-06-26T16:42:37.930074,0.09,32.1,421.2,0.058
2025-06-26T16:42:47.933269,0.107,32.1,421.1,0.064
2025-06-26T16:42:57.937469,0.11,32.1,421.1,0.066
2025-06-26T16:43:07.942168,0.107,32.1,420.9,0.065
2025-06-26T16:43:17.946046,0.103,32.1,420.7,0.063
2025-06-26T16:43:27.950350,0.1,32.1,420.8,0.062
2025-06-26T16:43:37.954803,0.1,32.1,420.7,0.062
2025-06-26T16:43:47.958103,0.103,32.1,420.7,0.063
2025-06-26T16:43:57.962906,0.1,32.1,420.7,0.062
2025-06-26T16:44:07.967011,0.1,32.1,420.7,0.062
2025-06-26T16:44:17.970067,0.09,32.1,420.6,0.058
2025-06-26T16:44:27.974536,0.09,32.1,420.6,0.058
2025-06-26T16:44:37.979107,0.087,32.1,420.7,0.057
2025-06-26T16:44:47.982822,0.087,32.1,420.8,0.057
2025-06-26T16:44:57.986513,0.09,32.1,420.6,0.058
2025-06-26T16:45:07.990187,0.093,32.1,420.5,0.059
2025-06-26T16:45:17.995041,0.097,32.1,420.5,0.061
2025-06-26T16:45:27.999457,0.097,32.2,420.6,0.061
2025-06-26T16:45:38.002309,0.103,32.2,420.2,0.063
2025-06-26T16:45:48.006697,0.093,32.2,420.2,0.059
2025-06-26T16:45:58.009871,0.093,32.1,420.1,0.059
2025-06-26T16:46:08.014689,0.097,32.1,420.1,0.06
2025-06-26T16:46:18.018655,0.093,32.2,420.4,0.059
2025-06-26T16:46:28.022781,0.097,32.2,420.4,0.061
2025-06-26T16:46:38.026083,0.093,32.2,420.3,0.06
2025-06-26T16:46:48.028510,0.093,32.2,420.4,0.06
2025-06-26T16:46:58.032547,0.09,32.2,420.4,0.059
2025-06-26T16:47:08.036266,0.087,32.2,420.3,0.057
2025-06-26T16:47:18.040554,0.087,32.2,420.4,0.057
2025-06-26T16:47:28.044628,0.08,32.2,420.2,0.054
2025-06-26T16:47:38.049788,0.077,32.3,420.1,0.053
2025-06-26T16:47:48.054733,0.06,32.3,420.2,0.047
2025-06-26T16:47:58.058534,0.057,32.2,420.4,0.045
2025-06-26T16:48:08.063162,0.06,32.2,420.4,0.046
2025-06-26T16:48:18.068152,0.063,32.2,420.6,0.048
2025-06-26T16:48:28.073306,0.063,32.2,420.5,0.048
2025-06-26T16:48:38.077110,0.067,32.2,420.5,0.049
2025-06-26T16:48:48.081788,0.067,32.2,420.5,0.049
2025-06-26T16:48:58.086618,0.067,32.2,420.4,0.049
2025-06-26T16:49:08.090548,0.063,32.2,420.5,0.047
2025-06-26T16:49:18.095406,0.073,32.2,420.4,0.052
2025-06-26T16:49:28.100233,0.073,32.2,420.4,0.052
2025-06-26T16:49:38.104262,0.083,32.2,420.3,0.056
2025-06-26T16:49:48.109850,0.083,32.2,420.1,0.056
2025-06-26T16:49:58.114442,0.08,32.2,420.3,0.054
2025-06-26T16:50:08.118355,0.08,32.2,420.3,0.055
2025-06-26T16:50:18.123101,0.08,32.3,420.5,0.055
2025-06-26T16:50:28.126787,0.08,32.2,420.3,0.055
2025-06-26T16:50:38.129678,0.073,32.2,420.6,0.052
2025-06-26T16:50:48.132508,0.073,32.2,420.6,0.052
2025-06-26T16:50:58.136529,0.077,32.2,420.7,0.053
2025-06-26T16:51:08.140014,0.073,32.2,420.6,0.052
2025-06-26T16:51:18.143418,0.073,32.2,420.5,0.051
2025-06-26T16:51:28.147518,0.073,32.1,420.4,0.051
2025-06-26T16:51:38.151205,0.077,32.1,420.3,0.052
2025-06-26T16:51:48.155651,0.073,32.1,420.1,0.051
2025-06-26T16:51:58.160284,0.073,32.1,420.1,0.051
2025-06-26T16:52:08.164754,0.08,32.1,420.2,0.054
2025-06-26T16:52:18.169529,0.073,32.2,420.1,0.051
2025-06-26T16:52:28.173906,0.077,32.1,420.2,0.053
2025-06-26T16:52:38.177863,0.073,32.1,420.0,0.051
2025-06-26T16:52:48.181515,0.077,32.1,420.0,0.052
2025-06-26T16:52:58.185866,0.08,32.1,420.3,0.054
2025-06-26T16:53:08.190899,0.08,32.1,420.5,0.054
2025-06-26T16:53:18.195758,0.077,32.1,420.5,0.052
2025-06-26T16:53:28.200453,0.08,32.1,420.5,0.054
2025-06-26T16:53:38.205084,0.077,32.1,420.4,0.052
2025-06-26T16:53:48.210064,0.07,32.1,420.2,0.05
2025-06-26T16:53:58.214705,0.073,32.1,420.4,0.051
2025-06-26T16:54:08.219042,0.073,32.1,420.5,0.051
2025-06-26T16:54:18.224081,0.067,32.1,420.6,0.048
2025-06-26T16:54:28.227979,0.073,32.1,420.4,0.051
2025-06-26T16:54:38.234317,0.067,32.1,420.4,0.048
2025-06-26T16:54:48.239474,0.067,32.1,420.4,0.048
2025-06-26T16:54:58.244032,0.067,32.1,420.2,0.048
2025-06-26T16:55:08.247596,0.067,32.1,420.3,0.048
2025-06-26T16:55:18.251107,0.067,32.1,420.3,0.048
2025-06-26T16:55:28.254404,0.07,32.1,420.4,0.05
2025-06-26T16:55:38.258312,0.073,32.1,420.3,0.051
2025-06-26T16:55:48.262217,0.077,32.1,420.2,0.052
2025-06-26T16:55:58.266041,0.08,32.2,420.0,0.054
2025-06-26T16:56:08.270349,0.08,32.2,420.1,0.054
2025-06-26T16:56:18.274350,0.087,32.2,420.1,0.057
2025-06-26T16:56:28.279631,0.083,32.2,420.0,0.056
2025-06-26T16:56:38.283120,0.08,32.2,420.0,0.054
2025-06-26T16:56:48.287369,0.08,32.3,420.1,0.055
2025-06-26T16:56:58.291416,0.08,32.2,420.0,0.054
2025-06-26T16:57:08.295842,0.08,32.2,420.1,0.055
2025-06-26T16:57:18.301262,0.087,32.3,420.2,0.057
2025-06-26T16:57:28.305348,0.083,32.3,420.0,0.056
2025-06-26T16:57:38.309624,0.087,32.3,420.4,0.057
2025-06-26T16:57:48.313547,0.083,32.2,420.3,0.056
2025-06-26T16:57:58.316922,0.08,32.2,420.0,0.054
2025-06-26T16:58:08.320640,0.08,32.2,419.9,0.054
2025-06-26T16:58:18.325564,0.08,32.3,419.8,0.055
2025-06-26T16:58:28.330353,0.08,32.3,419.8,0.054
2025-06-26T16:58:38.334111,0.087,32.3,419.7,0.057
2025-06-26T16:58:48.338344,0.087,32.2,419.9,0.057
2025-06-26T16:58:58.342663,0.08,32.3,420.0,0.055
2025-06-26T16:59:08.346474,0.083,32.3,419.7,0.056
2025-06-26T16:59:18.349625,0.09,32.2,419.7,0.058
2025-06-26T16:59:28.352648,0.09,32.2,419.9,0.058
2025-06-26T16:59:38.357004,0.09,32.2,419.9,0.058
2025-06-26T16:59:48.360301,0.087,32.2,419.9,0.057
2025-06-26T16:59:58.363578,0.087,32.3,420.2,0.057
2025-06-26T17:00:08.367031,0.09,32.3,419.9,0.059
2025-06-26T17:00:18.370947,0.087,32.3,419.8,0.057
2025-06-26T17:00:28.375311,0.09,32.2,419.6,0.058
2025-06-26T17:00:38.378639,0.087,32.2,419.8,0.057
2025-06-26T17:00:48.383719,0.083,32.2,419.9,0.056
2025-06-26T17:00:58.391017,0.08,32.2,419.9,0.054
2025-06-26T17:01:08.395215,0.087,32.2,420.0,0.057
2025-06-26T17:01:18.398223,0.087,32.2,419.9,0.057
2025-06-26T17:01:28.402591,0.093,32.2,420.1,0.06
2025-06-26T17:01:38.408035,0.097,32.2,420.1,0.061
2025-06-26T17:01:48.411416,0.1,32.2,420.1,0.062
2025-06-26T17:01:58.415445,0.1,32.2,420.2,0.062
2025-06-26T17:02:08.419673,0.093,32.2,420.0,0.06
2025-06-26T17:02:18.424508,0.093,32.3,419.8,0.06
2025-06-26T17:02:28.429762,0.103,32.3,419.9,0.064
2025-06-26T17:02:38.435085,0.1,32.3,419.7,0.062
2025-06-26T17:02:48.440642,0.107,32.3,419.8,0.065
2025-06-26T17:02:58.446676,0.11,32.3,419.9,0.066
2025-06-26T17:03:08.451912,0.113,32.2,419.8,0.068
2025-06-26T17:03:18.459012,0.117,32.2,420.0,0.069
2025-06-26T17:17:37.571919,0.273,38.1,504.9,0.203
2025-06-26T17:17:47.577484,0.238,38.8,499.2,0.191
2025-06-26T17:17:57.585026,0.226,39.6,501.7,0.192
2025-06-26T17:18:07.589228,0.171,39.3,500.8,0.168
2025-06-26T17:18:17.594667,0.157,40.0,500.6,0.167
2025-06-26T17:18:27.600411,0.131,40.7,500.5,0.161
2025-06-26T17:18:37.604807,0.155,40.6,499.9,0.17
2025-06-26T17:18:47.610872,0.136,40.4,498.5,0.16
2025-06-26T17:18:57.614700,0.121,40.0,499.7,0.153
2025-06-26T17:19:07.619210,0.149,40.1,500.5,0.164
2025-06-26T17:19:17.623577,0.135,40.0,500.2,0.158
2025-06-26T17:19:27.628066,0.14,40.1,500.4,0.161
2025-06-26T17:19:37.632986,0.145,40.3,500.2,0.164
2025-06-26T17:19:47.637122,0.135,40.4,500.3,0.161
2025-06-26T17:19:57.641242,0.132,40.3,499.9,0.159
2025-06-26T17:20:07.645480,0.13,40.3,499.5,0.158
2025-06-26T17:20:17.649584,0.129,40.4,499.8,0.158
2025-06-26T17:20:27.654579,0.122,40.4,498.9,0.155
2025-06-26T17:20:37.657672,0.126,40.5,499.0,0.157
2025-06-26T17:20:47.665457,0.134,40.4,499.5,0.161
2025-06-26T17:20:57.670460,0.128,40.5,499.4,0.159
2025-06-26T17:21:07.674703,0.131,40.5,499.4,0.16
2025-06-26T17:21:17.679797,0.13,40.3,499.5,0.158
2025-06-26T17:21:27.684352,0.133,40.3,499.5,0.159
2025-06-26T17:21:37.690042,0.131,40.3,499.5,0.158
2025-06-26T17:21:47.694722,0.142,40.3,499.3,0.162
2025-06-26T17:21:57.699411,0.14,40.3,499.5,0.162
2025-06-26T17:22:07.703093,0.142,40.3,499.4,0.163
2025-06-26T17:22:17.707670,0.148,40.2,499.3,0.165
2025-06-26T17:22:27.714097,0.15,40.2,499.4,0.166
2025-06-26T17:22:37.719329,0.14,40.3,499.4,0.162
2025-06-26T17:22:47.724379,0.143,40.3,499.3,0.163
2025-06-26T17:22:57.728543,0.147,40.3,499.5,0.165
2025-06-26T17:23:07.733962,0.15,40.3,499.4,0.166
2025-06-26T17:23:17.739265,0.15,40.2,499.3,0.165
2025-06-26T17:23:27.743068,0.157,40.0,499.2,0.167
2025-06-26T17:23:37.746939,0.15,40.0,499.3,0.164
2025-06-26T17:23:47.752164,0.15,40.0,499.7,0.164
2025-06-26T17:23:57.757075,0.153,40.0,499.4,0.165
2025-06-26T17:24:07.762105,0.147,39.9,499.1,0.162
2025-06-26T17:24:17.765061,0.147,39.9,499.2,0.162
2025-06-26T17:24:27.771219,0.143,39.8,498.8,0.16
2025-06-26T17:24:37.778186,0.137,39.7,499.0,0.157
2025-06-26T17:24:47.785191,0.143,39.7,498.7,0.159
2025-06-26T17:24:57.791328,0.147,39.6,498.9,0.16
2025-06-26T17:25:07.799190,0.147,39.6,499.0,0.16
2025-06-26T17:25:17.803763,0.143,39.5,498.8,0.158
2025-06-26T17:25:27.808224,0.147,39.5,499.7,0.159
2025-06-26T17:25:37.812606,0.147,39.4,499.8,0.159
2025-06-26T17:25:47.818300,0.14,39.5,499.5,0.157
2025-06-26T17:25:57.823666,0.143,39.4,499.6,0.157
2025-06-26T17:26:07.827381,0.143,39.4,499.9,0.157
2025-06-26T17:26:17.832484,0.147,39.4,499.7,0.159
2025-06-26T17:26:27.836487,0.15,39.5,499.8,0.161
2025-06-26T17:26:37.839929,0.153,39.5,499.4,0.162
2025-06-26T17:26:47.844391,0.147,39.4,499.8,0.159
2025-06-26T17:26:57.849836,0.147,39.3,499.6,0.158
2025-06-26T17:27:07.856342,0.14,39.3,499.7,0.155
2025-06-26T17:27:17.863574,0.133,39.3,499.5,0.153
2025-06-26T17:27:27.869613,0.13,39.3,499.2,0.151
2025-06-26T17:27:37.875900,0.133,39.2,499.3,0.152
2025-06-26T17:27:47.880360,0.133,39.2,499.7,0.152
2025-06-26T17:27:57.886253,0.133,39.1,499.3,0.151
2025-06-26T17:28:07.890639,0.14,39.2,499.5,0.154
2025-06-26T17:28:17.898265,0.14,39.2,499.7,0.155
2025-06-26T17:28:27.903831,0.14,39.3,499.7,0.155
2025-06-26T17:28:37.908990,0.14,39.4,499.5,0.156
2025-06-26T17:28:47.913962,0.143,39.4,499.8,0.157
2025-06-26T17:28:57.920074,0.143,39.5,499.5,0.158
2025-06-26T17:29:07.924259,0.143,39.7,499.4,0.159
2025-06-26T17:29:17.928742,0.15,39.7,499.6,0.162
2025-06-26T17:29:27.935562,0.147,39.7,500.1,0.161
2025-06-26T17:29:37.941396,0.147,39.6,500.4,0.161
2025-06-26T17:29:47.947218,0.143,39.6,500.6,0.159
2025-06-26T17:29:57.949831,0.153,39.6,501.0,0.163
2025-06-26T17:30:07.954105,0.153,39.6,501.6,0.164
2025-06-26T17:30:17.958992,0.16,39.6,501.6,0.166
2025-06-26T17:30:27.963172,0.16,39.6,501.0,0.166
2025-06-26T17:30:37.967606,0.163,39.6,501.0,0.168
2025-06-26T17:30:47.974110,0.17,39.7,500.7,0.17
2025-06-26T17:30:57.979736,0.173,39.7,500.4,0.171
2025-06-26T17:31:07.985379,0.167,39.7,500.2,0.169
2025-06-26T17:31:17.993313,0.167,39.9,500.2,0.17
2025-06-26T17:31:27.997862,0.163,39.8,500.4,0.169
2025-06-26T17:31:38.002908,0.16,39.9,500.5,0.167
2025-06-26T17:31:48.009118,0.153,40.0,500.1,0.165
2025-06-26T17:31:58.013953,0.157,40.2,499.9,0.168
2025-06-26T17:32:08.022363,0.157,40.2,500.0,0.168
2025-06-26T17:32:18.027292,0.16,40.2,500.2,0.17
2025-06-26T17:32:28.031898,0.157,40.1,499.9,0.168
2025-06-26T17:32:38.036150,0.153,40.2,499.7,0.167
2025-06-26T17:32:48.040112,0.147,40.4,499.9,0.165
2025-06-26T17:32:58.044576,0.147,40.5,499.9,0.166
2025-06-26T17:33:08.048811,0.15,40.4,500.0,0.167
2025-06-26T17:33:18.054065,0.15,40.4,500.0,0.167
2025-06-26T17:33:28.062793,0.153,40.3,500.2,0.168
2025-06-26T17:33:38.068483,0.15,40.2,500.4,0.166
2025-06-26T17:33:48.075180,0.157,40.2,499.8,0.168
2025-06-26T17:33:58.081655,0.16,40.3,500.5,0.17
2025-06-26T17:34:08.086572,0.16,40.2,500.3,0.17
2025-06-26T17:34:18.092106,0.163,40.2,499.7,0.171
2025-06-26T17:34:28.096609,0.167,40.3,499.6,0.173
2025-06-26T17:34:38.102069,0.17,40.3,499.0,0.174
2025-06-26T17:34:48.105330,0.17,40.3,499.0,0.174
2025-06-26T17:34:58.108520,0.153,40.4,498.6,0.167
2025-06-26T17:35:08.111473,0.15,40.5,498.4,0.167
2025-06-26T17:35:18.116820,0.15,40.4,498.3,0.166
2025-06-26T17:35:28.129285,0.157,40.4,498.4,0.169
2025-06-26T17:35:38.137797,0.15,40.4,498.7,0.167
2025-06-26T17:35:48.152771,0.143,40.3,499.0,0.163
2025-06-26T17:35:58.163404,0.143,40.2,499.3,0.163
2025-06-26T17:36:08.174841,0.15,40.3,499.0,0.166
2025-06-26T17:36:18.181724,0.143,40.2,499.0,0.162
2025-06-26T17:36:28.190766,0.15,40.2,498.4,0.165
2025-06-26T17:36:38.206210,0.153,40.2,499.0,0.166
2025-06-26T17:36:48.214910,0.167,40.1,499.5,0.171
2025-06-26T17:36:58.225817,0.167,40.0,500.0,0.171
2025-06-26T17:37:08.239847,0.17,40.1,499.4,0.173
2025-06-26T17:37:18.248685,0.173,40.0,499.4,0.173
2025-06-26T17:37:28.261175,0.18,40.1,499.9,0.177
2025-06-26T17:37:38.267622,0.187,40.1,499.8,0.179
2025-06-26T17:37:48.276529,0.187,39.9,499.4,0.178
2025-06-26T17:37:58.289174,0.183,40.0,499.4,0.177
2025-06-26T17:38:08.298860,0.17,40.0,499.4,0.172
2025-06-26T17:38:18.308677,0.167,40.1,499.2,0.171
2025-06-26T17:38:28.315975,0.167,40.2,499.1,0.172
2025-06-26T17:38:38.325912,0.17,40.2,499.4,0.173
2025-06-26T17:38:48.335074,0.167,40.2,499.7,0.172
2025-06-26T17:38:58.344087,0.167,40.2,499.3,0.172
2025-06-26T17:39:08.352910,0.163,40.2,499.8,0.171
2025-06-26T17:39:18.359755,0.157,40.2,500.1,0.168
2025-06-26T17:39:28.369909,0.167,40.1,500.1,0.172
2025-06-26T17:39:38.375893,0.167,40.0,500.4,0.171
2025-06-26T17:39:48.380893,0.17,40.1,500.6,0.173
2025-06-26T17:39:58.386217,0.183,40.1,500.1,0.178
2025-06-26T17:40:08.393118,0.19,40.1,500.4,0.181
2025-06-26T17:40:18.398349,0.19,40.1,500.4,0.181
2025-06-26T17:40:28.404157,0.187,40.1,500.3,0.18
2025-06-26T17:40:38.409402,0.19,40.0,500.3,0.18
2025-06-26T17:40:48.413385,0.193,40.1,500.3,0.183
2025-06-26T17:40:58.420051,0.19,40.2,499.9,0.181
2025-06-26T17:41:08.425414,0.187,40.1,500.0,0.179
2025-06-26T17:41:18.430472,0.19,40.1,499.9,0.181
2025-06-26T17:41:28.435447,0.183,40.1,500.1,0.178
2025-06-26T17:41:38.440620,0.19,40.0,500.0,0.18
2025-06-26T17:41:48.446446,0.18,40.1,499.3,0.177
2025-06-26T17:41:58.452099,0.177,40.1,498.9,0.175
2025-06-26T17:42:08.456265,0.177,40.1,499.4,0.176
2025-06-26T17:42:18.461292,0.17,40.3,499.4,0.174
2025-06-26T17:42:28.465486,0.167,40.3,499.3,0.172
2025-06-26T17:42:38.472768,0.167,40.2,499.5,0.172
2025-06-26T17:42:48.480153,0.17,40.1,499.1,0.173
2025-06-26T17:42:58.484936,0.167,40.2,499.2,0.172
2025-06-26T17:43:08.490528,0.177,40.0,499.1,0.175
2025-06-26T17:43:18.494836,0.18,40.0,499.3,0.176
2025-06-26T17:43:28.500695,0.17,40.1,499.1,0.172
2025-06-26T17:43:38.506229,0.167,40.1,498.9,0.171
2025-06-26T17:43:48.512838,0.16,40.1,498.8,0.168
2025-06-26T17:43:58.517982,0.157,40.1,498.8,0.167
2025-06-26T17:44:08.522311,0.157,40.1,498.5,0.167
2025-06-26T17:44:18.528574,0.16,40.1,498.4,0.168
2025-06-26T17:44:28.533814,0.157,40.1,498.3,0.167
2025-06-26T17:44:38.540031,0.153,40.2,498.4,0.166
2025-06-26T17:44:48.545359,0.15,40.4,498.6,0.166
2025-06-26T17:44:58.549808,0.143,40.3,498.9,0.163
2025-06-26T17:45:08.554058,0.143,40.1,498.5,0.162
2025-06-26T17:45:18.558694,0.14,40.2,498.5,0.161
2025-06-26T17:45:28.565345,0.137,40.3,498.7,0.16
2025-06-26T17:45:38.570564,0.13,40.2,498.1,0.157
2025-06-26T17:45:48.576014,0.123,40.2,498.2,0.154
2025-06-26T17:45:58.579120,0.123,40.1,498.4,0.154
2025-06-26T17:46:08.585110,0.127,40.1,498.4,0.155
2025-06-26T17:46:18.592021,0.123,40.1,498.8,0.154
2025-06-26T17:46:28.597644,0.123,40.1,498.8,0.153
2025-06-26T17:46:38.603094,0.113,40.0,498.5,0.149
2025-06-26T17:46:48.608487,0.12,40.0,498.8,0.152
2025-06-26T17:46:58.613501,0.12,40.0,499.0,0.152
2025-06-26T17:47:08.619403,0.12,39.9,499.2,0.151
2025-06-26T17:47:18.624694,0.123,39.8,499.2,0.152
2025-06-26T17:47:28.629411,0.12,39.9,499.5,0.151
2025-06-26T17:47:38.634892,0.117,39.9,499.4,0.15
2025-06-26T17:47:48.640777,0.113,39.9,499.7,0.149
2025-06-26T17:47:58.646135,0.117,39.8,499.3,0.149
2025-06-26T17:48:08.651250,0.113,39.8,499.3,0.148
2025-06-26T17:48:18.658335,0.11,39.7,499.6,0.146
2025-06-26T17:48:28.662797,0.11,39.7,499.7,0.146
2025-06-26T17:48:38.667514,0.12,39.8,499.5,0.151
2025-06-26T17:48:48.674026,0.133,39.7,499.6,0.156
2025-06-26T17:48:58.679679,0.133,39.8,500.0,0.156
2025-06-26T17:49:08.686266,0.13,39.8,500.2,0.155
2025-06-26T17:49:18.695138,0.127,39.7,500.2,0.153
2025-06-26T17:49:28.702307,0.123,39.8,500.1,0.152
2025-06-26T17:49:38.706492,0.127,39.7,500.1,0.153
2025-06-26T17:49:48.711814,0.133,39.6,499.6,0.155
2025-06-26T17:49:58.718292,0.13,39.6,499.9,0.153
2025-06-26T17:50:08.723407,0.123,39.7,499.4,0.151
2025-06-26T17:50:18.728076,0.12,39.6,499.6,0.15
2025-06-26T17:50:28.736637,0.117,39.5,498.9,0.147
2025-06-26T17:50:38.744054,0.12,39.6,499.3,0.149
2025-06-26T17:50:48.752242,0.12,39.7,499.4,0.15
2025-06-26T17:50:58.760151,0.117,39.9,499.1,0.15
2025-06-26T17:51:08.764019,0.113,39.8,499.4,0.148
2025-06-26T17:51:18.768646,0.12,39.8,499.6,0.15
2025-06-26T17:51:28.773578,0.117,39.7,499.8,0.149
2025-06-26T17:51:38.778743,0.117,39.8,499.8,0.15
2025-06-26T17:51:48.783813,0.117,39.8,499.8,0.15
2025-06-26T17:51:58.789461,0.12,39.7,500.3,0.15
2025-06-26T17:52:08.794523,0.12,39.8,500.3,0.151
2025-06-26T17:52:18.800625,0.113,39.7,500.5,0.148
2025-06-26T17:52:28.806109,0.12,39.8,500.3,0.151
2025-06-26T17:52:38.811747,0.12,39.7,500.0,0.15
2025-06-26T17:52:48.816766,0.123,39.7,499.9,0.152
2025-06-26T17:52:58.821886,0.123,39.8,500.3,0.152
2025-06-26T17:53:08.825115,0.127,39.8,500.4,0.153
2025-06-26T17:53:18.830201,0.133,39.8,500.3,0.156
2025-06-26T17:53:28.835634,0.137,39.8,500.2,0.157
2025-06-26T17:53:38.840862,0.137,39.7,500.7,0.157
2025-06-26T17:53:48.846830,0.13,39.8,501.0,0.155
2025-06-26T17:53:58.852721,0.133,39.7,500.5,0.155
2025-06-26T17:54:08.858129,0.137,39.5,500.9,0.156
2025-06-26T17:54:18.863748,0.137,39.5,501.1,0.156
2025-06-26T17:54:28.868437,0.133,39.4,501.0,0.154
2025-06-26T17:54:38.873007,0.133,39.4,500.8,0.154
2025-06-26T17:54:48.879282,0.13,39.4,500.8,0.153
2025-06-26T17:54:58.887830,0.13,39.4,500.4,0.152
2025-06-26T17:55:08.892672,0.133,39.4,500.9,0.154
2025-06-26T17:55:18.898362,0.137,39.4,501.0,0.155
2025-06-26T17:55:28.904899,0.14,39.5,501.7,0.158
2025-06-26T17:55:38.909908,0.14,39.5,501.6,0.157
2025-06-26T17:55:48.915499,0.143,39.5,501.5,0.158
2025-06-26T17:55:58.922082,0.147,39.3,501.3,0.158
2025-06-26T17:56:08.926416,0.143,39.3,501.3,0.157
2025-06-26T17:56:18.931299,0.143,39.3,500.8,0.157
2025-06-26T17:56:28.935985,0.143,39.4,500.6,0.158
2025-06-26T17:56:38.940888,0.143,39.4,500.6,0.158
2025-06-26T17:56:48.946151,0.137,39.4,500.8,0.155
2025-06-26T17:56:58.952702,0.137,39.4,500.1,0.155
2025-06-26T17:57:08.957470,0.137,39.3,499.8,0.154
2025-06-26T17:57:18.962221,0.137,39.3,499.6,0.154
2025-06-26T17:57:28.966648,0.133,39.3,499.8,0.153
2025-06-26T17:57:38.969601,0.14,39.5,500.4,0.157
2025-06-26T17:57:48.976155,0.137,39.5,501.1,0.156
2025-06-26T17:57:58.982421,0.133,39.5,501.1,0.155
2025-06-26T17:58:08.989380,0.13,39.7,500.9,0.154
2025-06-26T17:58:18.996043,0.13,39.6,500.6,0.154
2025-06-26T17:58:29.001888,0.127,39.6,501.0,0.152
2025-06-26T17:58:39.007292,0.123,39.6,500.8,0.151
2025-06-26T17:58:49.012082,0.127,39.5,500.3,0.152
2025-06-26T17:58:59.016414,0.127,39.6,500.6,0.153
2025-06-26T17:59:09.022248,0.133,39.7,500.1,0.156
2025-06-26T17:59:19.027175,0.137,39.9,500.4,0.158
2025-06-26T17:59:29.033184,0.133,39.9,501.0,0.157
2025-06-26T17:59:39.037039,0.133,40.0,501.3,0.158
2025-06-26T17:59:49.041825,0.13,40.1,501.2,0.157
2025-06-26T17:59:59.045939,0.14,40.0,501.8,0.161
2025-06-26T18:00:09.051029,0.14,40.1,502.0,0.161
2025-06-26T18:00:19.057918,0.143,40.0,501.9,0.162
2025-06-26T18:00:29.063748,0.143,40.0,501.8,0.162
2025-06-26T18:00:39.069330,0.147,40.0,501.6,0.164
2025-06-26T18:00:49.075576,0.143,40.0,502.1,0.163
2025-06-26T18:00:59.081938,0.147,40.1,502.2,0.164
2025-06-26T18:01:09.089133,0.15,40.2,502.7,0.166
2025-06-26T18:01:19.095410,0.153,40.1,502.6,0.167
2025-06-26T18:01:29.102151,0.157,40.2,502.9,0.17
2025-06-26T18:01:39.108260,0.153,40.2,503.1,0.168
2025-06-26T18:01:49.113325,0.153,40.2,503.0,0.168
2025-06-26T18:01:59.117506,0.15,40.2,503.2,0.167
2025-06-26T18:02:09.122182,0.15,40.4,503.6,0.168
2025-06-26T18:02:19.128242,0.15,40.4,504.1,0.168
2025-06-26T18:02:29.131476,0.147,40.2,503.9,0.166
2025-06-26T18:02:39.137624,0.143,40.1,503.4,0.163
2025-06-26T18:02:49.142343,0.147,40.1,502.9,0.164
2025-06-26T18:02:59.147262,0.153,39.9,502.8,0.166
2025-06-26T18:03:09.152243,0.153,39.9,502.7,0.166
2025-06-26T18:03:19.156807,0.153,39.9,503.1,0.166
2025-06-26T18:03:29.161030,0.16,40.0,502.8,0.169
2025-06-26T18:03:39.165857,0.163,40.0,502.8,0.17
2025-06-26T18:03:49.170760,0.157,40.1,503.0,0.168
2025-06-26T18:03:59.175350,0.15,40.0,503.2,0.165
2025-06-26T18:04:09.179675,0.147,40.1,503.3,0.165
2025-06-26T18:04:19.185950,0.143,40.1,503.3,0.163
2025-06-26T18:04:29.191863,0.143,40.0,503.3,0.163
2025-06-26T18:04:39.196257,0.147,40.1,503.2,0.164
2025-06-26T18:04:49.200214,0.147,39.9,503.7,0.164
2025-06-26T18:04:59.204075,0.143,39.9,503.3,0.162
2025-06-26T18:05:09.209303,0.147,39.9,502.7,0.163
2025-06-26T18:05:19.216421,0.147,39.9,502.2,0.163
2025-06-26T18:05:29.227251,0.15,39.9,502.2,0.164
2025-06-26T18:05:39.237246,0.147,39.8,502.1,0.163
2025-06-26T18:05:49.250167,0.153,39.7,501.5,0.164
2025-06-26T18:05:59.260232,0.15,39.8,501.6,0.163
2025-06-26T18:06:09.268633,0.15,39.8,500.9,0.163
2025-06-26T18:06:19.279030,0.14,39.9,501.0,0.16
2025-06-26T18:06:29.286616,0.14,39.7,500.8,0.158
2025-06-26T18:06:39.292927,0.14,39.8,500.3,0.159
2025-06-26T18:06:49.299438,0.14,39.9,500.3,0.16
2025-06-26T18:06:59.304774,0.137,39.8,500.3,0.158
2025-06-26T18:07:09.311041,0.133,39.7,499.8,0.156
2025-06-26T18:07:19.318412,0.137,39.8,499.4,0.157
2025-06-26T18:07:29.324145,0.14,39.9,499.3,0.159
2025-06-26T18:07:39.329410,0.137,40.0,499.6,0.159
2025-06-26T18:07:49.333286,0.137,40.1,500.1,0.159
2025-06-26T18:07:59.348966,0.127,40.3,500.6,0.157
2025-06-26T18:08:09.354872,0.12,40.3,500.9,0.155
2025-06-26T18:08:19.359826,0.123,40.4,500.9,0.156
2025-06-26T18:08:29.365164,0.13,40.4,501.1,0.159
2025-06-26T18:08:39.370605,0.123,40.3,501.1,0.156
2025-06-26T18:08:49.374364,0.12,40.1,501.0,0.153
2025-06-26T18:08:59.380333,0.12,40.2,500.8,0.154
2025-06-26T18:09:09.385019,0.123,40.0,500.7,0.154
2025-06-26T18:09:19.389944,0.13,39.9,500.4,0.156
2025-06-26T18:09:29.394204,0.137,39.9,500.0,0.158
2025-06-26T18:09:39.400079,0.14,39.9,499.9,0.159
2025-06-26T18:09:49.405156,0.147,39.9,499.5,0.162
2025-06-26T18:09:59.411578,0.143,39.8,499.5,0.16
2025-06-26T18:10:09.418111,0.14,39.8,500.2,0.159
2025-06-26T18:10:19.423355,0.137,39.9,500.2,0.158
2025-06-26T18:10:29.428974,0.13,39.9,500.4,0.156
2025-06-26T18:10:39.433746,0.133,40.0,500.7,0.158
2025-06-26T18:10:49.439058,0.13,40.1,500.7,0.157
2025-06-26T18:10:59.446010,0.137,40.0,501.2,0.16
2025-06-26T18:11:09.452630,0.14,40.0,501.4,0.161
2025-06-26T18:11:19.458161,0.143,39.9,501.6,0.162
2025-06-26T18:11:29.463765,0.143,40.0,501.8,0.162
2025-06-26T18:11:39.468954,0.15,39.9,502.1,0.164
2025-06-26T18:20:13.985045,0.147,39.8,502.6,0.163
2025-06-26T18:20:23.988818,0.153,39.9,502.8,0.166
2025-06-26T18:20:33.994733,0.157,39.8,503.3,0.167
2025-06-26T18:20:44.000914,0.16,39.8,503.0,0.168
2025-06-26T18:20:54.008159,0.167,39.9,503.0,0.171
2025-06-26T18:21:04.014796,0.167,39.8,502.9,0.171
2025-06-26T18:21:14.020946,0.167,39.7,502.4,0.17
2025-06-26T18:21:24.027452,0.177,39.6,501.8,0.173
2025-06-26T18:21:34.034232,0.183,39.5,501.6,0.175
2025-06-26T18:21:44.039503,0.183,39.4,501.0,0.174
2025-06-26T18:21:54.042896,0.177,39.4,500.8,0.171
2025-06-26T18:22:43.254320,0.636,60.5,947.8,0.663
2025-06-26T18:22:53.258040,0.619,59.3,940.8,0.645
2025-06-26T18:23:03.261782,0.677,59.0,948.3,0.67
2025-06-26T18:23:13.267672,0.634,59.0,946.2,0.652
2025-06-26T18:23:23.273672,0.627,58.4,949.3,0.646
2025-06-26T18:23:33.276941,0.689,58.1,952.4,0.67
2025-06-26T18:23:43.281683,0.704,58.4,951.0,0.677
2025-06-26T18:23:53.286299,0.716,58.3,952.9,0.682
2025-06-26T18:24:03.292777,0.692,58.1,952.5,0.671
2025-06-26T18:24:13.300088,0.693,57.9,954.1,0.671
2025-06-26T18:24:23.304917,0.712,57.9,953.0,0.678
2025-06-26T18:24:33.309708,0.719,57.9,953.1,0.681
2025-06-26T18:24:43.314258,0.74,57.9,953.8,0.69
2025-06-26T18:24:53.318944,0.745,57.8,953.0,0.691
2025-06-26T18:25:03.324876,0.755,58.0,951.5,0.695
2025-06-26T18:25:13.329226,0.752,58.0,951.6,0.694
2025-06-26T18:25:23.333289,0.749,58.0,951.0,0.693
2025-06-26T18:25:33.340168,0.735,58.0,951.2,0.687
2025-06-26T18:25:43.345036,0.743,58.0,950.7,0.691
2025-06-26T18:25:53.352273,0.751,58.1,950.4,0.694
2025-06-26T18:26:03.358869,0.758,58.0,951.5,0.697
2025-06-26T18:26:13.362612,0.765,58.0,951.0,0.699
2025-06-26T18:26:23.367685,0.758,58.0,951.2,0.697
2025-06-26T18:26:33.372203,0.751,58.0,950.7,0.693
2025-06-26T18:26:43.377957,0.753,58.0,950.8,0.694
2025-06-26T18:26:53.383177,0.755,57.9,951.0,0.695
2025-06-26T18:27:03.387182,0.753,57.9,951.2,0.694
2025-06-26T18:27:13.392523,0.754,57.9,951.3,0.694
2025-06-26T18:27:23.396995,0.756,57.9,951.9,0.695
2025-06-26T18:27:33.404027,0.763,57.9,952.6,0.698
2025-06-26T18:27:43.408857,0.767,57.8,952.9,0.699
2025-06-26T18:27:53.412648,0.77,57.8,953.0,0.701
2025-06-26T18:28:03.416743,0.767,57.7,953.3,0.699
2025-06-26T18:28:13.421963,0.773,57.6,954.0,0.701
2025-06-26T18:28:23.426622,0.783,57.8,953.3,0.706
2025-06-26T18:28:33.430794,0.77,57.8,952.6,0.7
2025-06-26T18:28:43.435351,0.763,57.8,953.0,0.698
2025-06-26T18:28:53.438485,0.753,57.7,953.0,0.694
2025-06-26T18:29:03.443682,0.763,57.8,953.4,0.698
2025-06-26T18:29:13.453331,0.763,57.8,953.2,0.698
2025-06-26T18:29:23.457320,0.757,57.8,953.1,0.695
2025-06-26T18:29:33.460740,0.753,57.8,953.2,0.694
2025-06-26T18:29:43.465384,0.743,57.8,952.6,0.69
2025-06-26T18:29:53.472834,0.733,57.8,953.3,0.686
2025-06-26T18:30:03.477820,0.73,57.7,953.6,0.684
2025-06-26T18:30:13.482913,0.727,57.7,953.4,0.683
2025-06-26T18:30:23.487703,0.73,57.7,953.7,0.684
2025-06-26T18:30:33.491988,0.737,57.7,953.3,0.687
2025-06-26T18:30:43.497656,0.72,57.7,954.0,0.681
2025-06-26T18:30:53.503760,0.713,57.7,954.6,0.678
2025-06-26T18:31:03.508194,0.703,57.8,953.9,0.674
2025-06-26T18:31:13.513590,0.7,57.7,954.9,0.673
2025-06-26T18:31:23.518455,0.703,57.8,954.6,0.674
2025-06-26T18:31:33.523477,0.713,57.9,954.6,0.679
2025-06-26T18:31:43.529782,0.707,57.8,954.2,0.676
2025-06-26T18:31:53.534167,0.703,57.9,954.6,0.675
2025-06-26T18:32:03.538783,0.703,57.9,955.0,0.675
2025-06-26T18:32:13.543848,0.7,58.0,954.7,0.675
2025-06-26T18:32:23.549900,0.7,58.0,954.5,0.674
2025-06-26T18:32:33.555471,0.697,57.9,954.1,0.672
2025-06-26T18:32:43.560161,0.693,57.9,953.5,0.671
2025-06-26T18:32:53.564546,0.7,58.0,953.3,0.674
2025-06-26T18:33:03.569029,0.693,58.0,953.0,0.672
2025-06-26T18:33:13.576499,0.7,58.1,952.4,0.675
2025-06-26T18:33:23.583406,0.69,58.0,952.9,0.67
2025-06-26T18:33:33.588924,0.697,58.0,952.5,0.673
2025-06-26T18:33:43.594169,0.71,58.0,952.4,0.678
2025-06-26T18:33:53.599717,0.717,58.0,952.2,0.681
2025-06-26T18:34:03.604045,0.717,58.0,952.5,0.68
2025-06-26T18:34:13.610943,0.717,58.1,951.8,0.681
2025-06-26T18:34:23.616355,0.713,58.1,952.8,0.68
2025-06-26T18:34:33.623217,0.72,58.0,952.3,0.682
2025-06-26T18:34:43.628055,0.727,58.0,952.1,0.685
2025-06-26T18:34:53.634030,0.74,58.0,950.4,0.689
2025-06-26T18:35:03.637670,0.733,58.1,950.4,0.687
2025-06-26T18:35:13.644283,0.74,58.0,950.4,0.689
2025-06-26T18:35:23.650985,0.733,58.0,949.8,0.686
2025-06-26T18:35:33.655653,0.73,58.0,950.1,0.685
2025-06-26T18:35:43.660794,0.74,58.1,950.6,0.69
2025-06-26T18:35:53.666180,0.743,58.1,950.5,0.691
2025-06-26T18:36:03.670467,0.75,58.1,950.7,0.694
2025-06-26T18:36:13.674963,0.747,58.1,949.3,0.692
2025-06-26T18:36:23.680128,0.747,58.0,949.7,0.692
2025-06-26T18:36:33.685966,0.74,58.0,950.7,0.689
2025-06-26T18:36:43.689627,0.737,58.1,950.7,0.689
2025-06-26T18:36:53.694774,0.743,58.0,950.4,0.691
2025-06-26T18:37:03.702035,0.74,58.1,950.0,0.69
2025-06-26T18:37:13.707093,0.73,58.1,949.9,0.685
2025-06-26T18:37:23.711764,0.723,58.1,950.3,0.683
2025-06-26T18:37:33.720787,0.713,58.1,949.6,0.679
2025-06-26T18:37:43.726297,0.717,58.2,949.8,0.681
2025-06-26T18:37:53.731039,0.71,58.1,950.5,0.678
2025-06-26T18:38:03.736878,0.72,58.1,950.1,0.682
2025-06-26T18:38:13.742598,0.71,58.1,949.9,0.678
2025-06-26T18:38:23.745907,0.713,58.1,949.6,0.679
2025-06-26T18:38:33.751372,0.717,58.2,950.0,0.681
2025-06-26T18:38:43.756193,0.703,58.1,950.0,0.675
2025-06-26T18:38:53.762683,0.703,58.1,950.1,0.675
2025-06-26T18:39:03.766858,0.703,58.2,949.6,0.675
2025-06-26T18:39:13.772014,0.697,58.0,949.7,0.672
2025-06-26T18:39:23.776313,0.7,58.0,948.9,0.673
2025-06-26T18:39:33.781278,0.697,58.0,948.7,0.671
2025-06-26T18:39:43.786911,0.693,58.1,949.5,0.67
2025-06-26T18:39:53.792182,0.683,58.2,951.0,0.668
2025-06-26T18:40:03.797215,0.693,58.1,951.5,0.672
2025-06-26T18:40:13.802566,0.69,58.2,951.8,0.671
2025-06-26T18:40:23.807871,0.697,58.1,952.6,0.674
2025-06-26T18:40:33.813684,0.703,58.1,952.6,0.676
2025-06-26T18:40:43.819318,0.71,58.0,951.2,0.678
2025-06-26T18:40:53.824000,0.71,58.0,950.9,0.678
2025-06-26T18:41:03.828669,0.707,58.0,951.4,0.676
2025-06-26T18:41:13.833607,0.707,58.0,952.1,0.676
2025-06-26T18:41:23.839203,0.7,58.0,951.7,0.674
2025-06-26T18:41:33.845384,0.7,57.9,951.0,0.673
2025-06-26T18:41:43.851828,0.707,57.9,951.8,0.676
2025-06-26T18:41:53.856429,0.693,57.9,951.0,0.67
2025-06-26T18:42:03.860741,0.7,57.9,949.8,0.672
2025-06-26T18:42:13.867022,0.717,57.8,950.6,0.678
2025-06-26T18:42:23.872209,0.727,57.7,950.3,0.681
2025-06-26T18:42:33.877049,0.74,57.7,950.4,0.687
2025-06-26T18:42:43.881693,0.737,57.7,950.5,0.686
2025-06-26T18:42:53.885146,0.737,57.6,950.3,0.685
2025-06-26T18:43:03.890824,0.73,57.6,950.7,0.683
2025-06-26T18:43:13.894600,0.737,57.6,951.1,0.685
2025-06-26T18:43:23.897971,0.74,57.7,951.1,0.687
2025-06-26T18:43:33.902769,0.737,57.5,951.5,0.685
2025-06-26T18:43:43.908672,0.743,57.6,951.4,0.688
2025-06-26T18:43:53.915144,0.74,57.5,950.1,0.686
2025-06-26T18:44:03.919635,0.74,57.5,950.5,0.686
2025-06-26T18:44:13.923561,0.75,57.6,950.5,0.69
2025-06-26T18:44:23.928005,0.753,57.5,950.6,0.691
2025-06-26T18:44:33.933242,0.747,57.5,950.8,0.689
2025-06-26T18:44:43.937338,0.743,57.4,949.9,0.686
2025-06-26T18:44:53.941735,0.747,57.4,949.2,0.687
2025-06-26T18:45:03.945447,0.743,57.4,948.5,0.686
2025-06-26T18:45:13.950012,0.74,57.4,949.1,0.685
2025-06-26T18:45:23.954437,0.743,57.5,949.8,0.687
2025-06-26T18:45:33.957954,0.74,57.6,950.1,0.686
2025-06-26T18:45:43.962807,0.743,57.5,949.8,0.687
2025-06-26T18:45:53.968405,0.74,57.5,949.5,0.685
2025-06-26T18:46:03.973895,0.737,57.3,949.3,0.683
2025-06-26T18:46:13.978767,0.737,57.4,949.1,0.683
2025-06-26T18:46:23.983970,0.75,57.3,949.7,0.688
2025-06-26T18:46:33.988289,0.757,57.3,950.2,0.691
2025-06-26T18:46:43.993465,0.763,57.2,949.9,0.693
2025-06-26T18:46:54.000226,0.76,57.3,950.5,0.693
2025-06-26T18:47:04.003661,0.75,57.3,952.0,0.689
2025-06-26T18:47:14.007181,0.74,57.4,951.2,0.685
2025-06-26T18:47:24.011510,0.733,57.5,951.0,0.683
2025-06-26T18:47:34.016755,0.73,57.5,951.3,0.682
2025-06-26T18:47:44.020377,0.73,57.5,950.4,0.682
2025-06-26T18:47:54.025295,0.733,57.5,951.1,0.683
2025-06-26T18:48:04.030107,0.737,57.4,951.3,0.684
2025-06-26T18:48:14.034701,0.737,57.5,950.7,0.685
2025-06-26T18:48:24.039623,0.737,57.5,950.7,0.685
2025-06-26T18:48:34.045389,0.733,57.5,950.2,0.683
2025-06-26T18:48:44.050888,0.727,57.5,950.6,0.68
2025-06-26T18:48:54.056691,0.73,57.5,951.9,0.683
2025-06-26T18:49:04.061720,0.727,57.6,950.7,0.681
2025-06-26T18:49:14.067005,0.72,57.5,950.2,0.677
2025-06-26T18:49:24.071703,0.71,57.4,950.3,0.673
2025-06-26T18:49:34.076308,0.703,57.5,951.2,0.671
2025-06-26T18:49:44.082201,0.707,57.5,951.4,0.673
2025-06-26T18:49:54.088040,0.703,57.6,951.2,0.672
2025-06-26T18:50:04.093754,0.71,57.5,952.6,0.675
2025-06-26T18:50:14.098569,0.713,57.5,951.8,0.676
2025-06-26T18:50:24.104675,0.71,57.5,951.0,0.674
2025-06-26T18:50:34.111400,0.71,57.5,950.7,0.674
2025-06-26T18:50:44.115779,0.7,57.6,951.6,0.671
2025-06-26T18:50:54.121909,0.7,57.5,951.9,0.67
2025-06-26T18:51:04.128483,0.703,57.7,951.9,0.673
2025-06-26T18:51:14.133575,0.703,57.7,952.2,0.673
2025-06-26T18:51:24.140232,0.7,57.8,951.8,0.672
2025-06-26T18:51:34.143905,0.687,57.9,952.0,0.668
2025-06-26T18:51:44.147917,0.677,57.9,951.9,0.664
2025-06-26T18:51:54.152181,0.697,57.8,952.4,0.671
2025-06-26T18:52:04.156394,0.703,57.9,951.4,0.674
2025-06-26T18:52:14.160268,0.7,57.9,951.4,0.672
2025-06-26T18:52:24.165873,0.7,57.8,950.7,0.672
2025-06-26T18:52:34.170319,0.687,57.8,951.3,0.667
2025-06-26T18:52:44.174904,0.69,57.8,951.9,0.668
2025-06-26T18:52:54.179765,0.687,57.8,951.2,0.667
2025-06-26T18:53:04.185384,0.69,57.9,950.2,0.668
2025-06-26T18:53:14.190128,0.687,57.8,950.7,0.666
2025-06-26T18:53:24.194871,0.68,57.7,951.5,0.663
2025-06-26T18:53:34.199306,0.683,57.7,951.4,0.665
2025-06-26T18:53:44.204277,0.683,57.7,951.5,0.665
2025-06-26T18:53:54.209393,0.687,57.8,951.6,0.667
2025-06-26T18:54:04.214708,0.683,57.9,952.7,0.667
2025-06-26T18:54:14.219540,0.683,58.0,953.4,0.667
2025-06-26T18:54:24.224456,0.687,58.0,953.1,0.669
2025-06-26T18:54:34.228461,0.693,58.0,952.2,0.671
2025-06-26T18:54:44.233585,0.697,58.0,952.0,0.672
2025-06-26T18:54:54.237117,0.7,57.9,952.7,0.674
2025-06-26T18:55:04.241002,0.697,58.0,952.2,0.673
2025-06-26T18:55:14.245483,0.7,58.0,952.0,0.674
2025-06-26T18:55:24.248958,0.69,57.9,951.2,0.669
2025-06-26T18:55:34.252978,0.69,57.9,951.7,0.669
2025-06-26T18:55:44.262874,0.687,57.9,951.3,0.668
2025-06-26T18:55:54.267830,0.69,58.0,951.9,0.67
2025-06-26T18:56:04.272341,0.687,57.9,951.6,0.667
2025-06-26T18:56:14.278694,0.68,57.9,951.6,0.665
2025-06-26T18:56:24.285413,0.677,57.9,951.7,0.663
2025-06-26T18:56:34.301411,0.683,57.8,951.7,0.665
2025-06-26T18:56:44.308185,0.693,57.9,952.1,0.67
2025-06-26T18:56:54.318942,0.677,58.0,951.4,0.664
2025-06-26T18:57:04.330849,0.677,58.0,951.7,0.664
2025-06-26T18:57:14.334639,0.687,58.0,952.3,0.669
2025-06-26T18:57:24.339259,0.69,57.9,952.5,0.669
2025-06-26T18:57:34.344318,0.707,58.0,952.3,0.677
2025-06-26T18:57:44.349952,0.7,58.0,952.4,0.674
2025-06-26T18:57:54.354641,0.7,58.1,952.7,0.674
2025-06-26T18:58:04.359497,0.7,58.0,953.1,0.674
2025-06-26T18:58:14.364742,0.693,58.0,953.4,0.672
2025-06-26T18:58:24.369174,0.697,58.0,952.8,0.673
2025-06-26T18:58:34.374598,0.703,58.1,952.9,0.676
2025-06-26T18:58:44.379208,0.707,58.1,952.4,0.677
2025-06-26T18:58:54.383975,0.707,58.0,951.6,0.676
2025-06-26T18:59:04.387684,0.713,57.9,951.1,0.678
2025-06-26T18:59:14.393493,0.717,58.0,950.6,0.68
2025-06-26T18:59:24.400446,0.71,58.0,950.8,0.677
2025-06-26T18:59:34.406448,0.713,57.9,951.9,0.679
2025-06-26T18:59:44.412206,0.71,57.9,952.9,0.678
2025-06-26T18:59:54.417345,0.71,57.9,952.4,0.677
2025-06-26T19:00:04.422110,0.697,57.8,951.6,0.671
2025-06-26T19:00:14.429065,0.69,57.8,951.5,0.668
2025-06-26T19:00:24.435298,0.7,57.8,952.3,0.673
2025-06-26T19:00:34.439950,0.703,57.8,951.3,0.674
2025-06-26T19:00:44.444621,0.7,57.8,951.9,0.672
2025-06-26T19:00:54.449996,0.7,57.8,951.4,0.672
2025-06-26T19:01:04.454561,0.703,57.9,950.9,0.674
2025-06-26T19:01:14.460217,0.713,57.8,950.1,0.677
2025-06-26T19:01:24.464146,0.72,57.9,949.7,0.68
2025-06-26T19:01:34.469408,0.72,57.9,949.1,0.68
2025-06-26T19:01:44.474395,0.71,57.8,948.4,0.675
2025-06-26T19:01:54.479417,0.713,57.7,948.8,0.676
2025-06-26T19:02:04.486255,0.71,57.7,948.8,0.674
2025-06-26T19:02:14.490619,0.707,57.7,948.3,0.673
2025-06-26T19:02:24.496242,0.707,57.7,948.1,0.673
2025-06-26T19:02:34.501092,0.7,57.7,948.0,0.67
2025-06-26T19:02:44.506248,0.7,57.7,948.7,0.67
2025-06-26T19:02:54.513307,0.693,57.7,947.6,0.667
2025-06-26T19:03:04.519533,0.687,57.8,947.8,0.665
2025-06-26T19:03:14.524796,0.693,57.8,947.5,0.668
2025-06-26T19:03:24.537733,0.7,58.0,947.2,0.672
2025-06-26T19:03:34.543263,0.693,57.9,946.9,0.668
2025-06-26T19:03:44.548656,0.693,57.9,947.3,0.669
2025-06-26T19:03:54.552246,0.693,58.0,947.7,0.669
2025-06-26T19:04:04.557682,0.693,58.0,948.0,0.669
2025-06-26T19:04:14.565210,0.7,58.0,949.2,0.673
2025-06-26T19:04:24.572273,0.717,58.0,949.2,0.68
2025-06-26T19:04:34.578525,0.713,58.2,947.9,0.679
2025-06-26T19:04:44.583004,0.707,58.2,947.5,0.676
2025-06-26T19:04:54.587243,0.71,58.2,947.9,0.678
2025-06-26T19:05:04.591099,0.713,58.3,948.5,0.68
2025-06-26T19:05:14.596256,0.713,58.3,949.2,0.68
2025-06-26T19:05:24.601063,0.71,58.4,948.8,0.679
2025-06-26T19:05:34.608219,0.703,58.3,949.5,0.676
2025-06-26T19:05:44.612242,0.71,58.3,948.5,0.678
2025-06-26T19:05:54.616782,0.707,58.2,948.6,0.676
2025-06-26T19:06:04.623176,0.7,58.2,948.3,0.673
2025-06-26T19:06:14.627691,0.703,58.1,949.0,0.675
2025-06-26T19:06:24.632626,0.693,58.1,948.7,0.67
2025-06-30T20:14:15.168485,1.0,57.7,957.5,0.753
2025-06-30T20:14:25.169863,0.857,58.0,945.6,0.742
2025-06-30T20:14:35.171974,0.774,57.7,944.5,0.699
2025-06-30T20:16:40.393281,0.727,59.2,944.5,0.683
2025-06-30T20:16:50.397775,0.667,59.0,942.8,0.665
